[0.113s] DEBUG:colcon:Command line arguments: ['/usr/bin/colcon', 'build']
[0.113s] DEBUG:colcon:Parsed command line arguments: Namespace(log_base=None, log_level=None, verb_name='build', build_base='build', install_base='install', merge_install=False, symlink_install=False, test_result_base=None, continue_on_error=False, executor='parallel', parallel_workers=22, event_handlers=None, ignore_user_meta=False, metas=['./colcon.meta'], base_paths=['.'], packages_ignore=None, packages_ignore_regex=None, paths=None, packages_up_to=None, packages_up_to_regex=None, packages_above=None, packages_above_and_dependencies=None, packages_above_depth=None, packages_select_by_dep=None, packages_skip_by_dep=None, packages_skip_up_to=None, packages_select_build_failed=False, packages_skip_build_finished=False, packages_select_test_failures=False, packages_skip_test_passed=False, packages_select=None, packages_skip=None, packages_select_regex=None, packages_skip_regex=None, packages_start=None, packages_end=None, allow_overriding=[], cmake_args=None, cmake_target=None, cmake_target_skip_unavailable=False, cmake_clean_cache=False, cmake_clean_first=False, cmake_force_configure=False, ament_cmake_args=None, catkin_cmake_args=None, catkin_skip_building_tests=False, mixin_files=None, mixin=None, verb_parser=<colcon_mixin.mixin.mixin_argument.MixinArgumentDecorator object at 0x7f93dca7e050>, verb_extension=<colcon_core.verb.build.BuildVerb object at 0x7f93dcb8b610>, main=<bound method BuildVerb.main of <colcon_core.verb.build.BuildVerb object at 0x7f93dcb8b610>>, mixin_verb=('build',))
[0.150s] Level 1:colcon.colcon_core.package_discovery:discover_packages(colcon_meta) check parameters
[0.150s] Level 1:colcon.colcon_core.package_discovery:discover_packages(recursive) check parameters
[0.150s] Level 1:colcon.colcon_core.package_discovery:discover_packages(ignore) check parameters
[0.150s] Level 1:colcon.colcon_core.package_discovery:discover_packages(path) check parameters
[0.150s] Level 1:colcon.colcon_core.package_discovery:discover_packages(colcon_meta) discover
[0.150s] Level 1:colcon.colcon_core.package_discovery:discover_packages(recursive) discover
[0.150s] INFO:colcon.colcon_core.package_discovery:Crawling recursively for packages in '/home/park/dev_ws'
[0.150s] Level 1:colcon.colcon_core.package_identification:_identify(.) by extensions ['ignore', 'ignore_ament_install']
[0.150s] Level 1:colcon.colcon_core.package_identification:_identify(.) by extension 'ignore'
[0.150s] Level 1:colcon.colcon_core.package_identification:_identify(.) by extension 'ignore_ament_install'
[0.150s] Level 1:colcon.colcon_core.package_identification:_identify(.) by extensions ['colcon_pkg']
[0.150s] Level 1:colcon.colcon_core.package_identification:_identify(.) by extension 'colcon_pkg'
[0.150s] Level 1:colcon.colcon_core.package_identification:_identify(.) by extensions ['colcon_meta']
[0.151s] Level 1:colcon.colcon_core.package_identification:_identify(.) by extension 'colcon_meta'
[0.151s] Level 1:colcon.colcon_core.package_identification:_identify(.) by extensions ['ros']
[0.151s] Level 1:colcon.colcon_core.package_identification:_identify(.) by extension 'ros'
[0.165s] Level 1:colcon.colcon_core.package_identification:_identify(.) by extensions ['cmake', 'python']
[0.165s] Level 1:colcon.colcon_core.package_identification:_identify(.) by extension 'cmake'
[0.165s] Level 1:colcon.colcon_core.package_identification:_identify(.) by extension 'python'
[0.165s] Level 1:colcon.colcon_core.package_identification:_identify(.) by extensions ['python_setup_py']
[0.166s] Level 1:colcon.colcon_core.package_identification:_identify(.) by extension 'python_setup_py'
[0.166s] Level 1:colcon.colcon_core.package_identification:_identify(build) by extensions ['ignore', 'ignore_ament_install']
[0.166s] Level 1:colcon.colcon_core.package_identification:_identify(build) by extension 'ignore'
[0.166s] Level 1:colcon.colcon_core.package_identification:_identify(build) ignored
[0.166s] Level 1:colcon.colcon_core.package_identification:_identify(config) by extensions ['ignore', 'ignore_ament_install']
[0.166s] Level 1:colcon.colcon_core.package_identification:_identify(config) by extension 'ignore'
[0.166s] Level 1:colcon.colcon_core.package_identification:_identify(config) by extension 'ignore_ament_install'
[0.166s] Level 1:colcon.colcon_core.package_identification:_identify(config) by extensions ['colcon_pkg']
[0.166s] Level 1:colcon.colcon_core.package_identification:_identify(config) by extension 'colcon_pkg'
[0.166s] Level 1:colcon.colcon_core.package_identification:_identify(config) by extensions ['colcon_meta']
[0.166s] Level 1:colcon.colcon_core.package_identification:_identify(config) by extension 'colcon_meta'
[0.166s] Level 1:colcon.colcon_core.package_identification:_identify(config) by extensions ['ros']
[0.166s] Level 1:colcon.colcon_core.package_identification:_identify(config) by extension 'ros'
[0.166s] Level 1:colcon.colcon_core.package_identification:_identify(config) by extensions ['cmake', 'python']
[0.166s] Level 1:colcon.colcon_core.package_identification:_identify(config) by extension 'cmake'
[0.166s] Level 1:colcon.colcon_core.package_identification:_identify(config) by extension 'python'
[0.166s] Level 1:colcon.colcon_core.package_identification:_identify(config) by extensions ['python_setup_py']
[0.166s] Level 1:colcon.colcon_core.package_identification:_identify(config) by extension 'python_setup_py'
[0.166s] Level 1:colcon.colcon_core.package_identification:_identify(install) by extensions ['ignore', 'ignore_ament_install']
[0.167s] Level 1:colcon.colcon_core.package_identification:_identify(install) by extension 'ignore'
[0.167s] Level 1:colcon.colcon_core.package_identification:_identify(install) ignored
[0.167s] Level 1:colcon.colcon_core.package_identification:_identify(launch) by extensions ['ignore', 'ignore_ament_install']
[0.167s] Level 1:colcon.colcon_core.package_identification:_identify(launch) by extension 'ignore'
[0.167s] Level 1:colcon.colcon_core.package_identification:_identify(launch) by extension 'ignore_ament_install'
[0.167s] Level 1:colcon.colcon_core.package_identification:_identify(launch) by extensions ['colcon_pkg']
[0.167s] Level 1:colcon.colcon_core.package_identification:_identify(launch) by extension 'colcon_pkg'
[0.167s] Level 1:colcon.colcon_core.package_identification:_identify(launch) by extensions ['colcon_meta']
[0.167s] Level 1:colcon.colcon_core.package_identification:_identify(launch) by extension 'colcon_meta'
[0.167s] Level 1:colcon.colcon_core.package_identification:_identify(launch) by extensions ['ros']
[0.167s] Level 1:colcon.colcon_core.package_identification:_identify(launch) by extension 'ros'
[0.167s] Level 1:colcon.colcon_core.package_identification:_identify(launch) by extensions ['cmake', 'python']
[0.167s] Level 1:colcon.colcon_core.package_identification:_identify(launch) by extension 'cmake'
[0.167s] Level 1:colcon.colcon_core.package_identification:_identify(launch) by extension 'python'
[0.167s] Level 1:colcon.colcon_core.package_identification:_identify(launch) by extensions ['python_setup_py']
[0.167s] Level 1:colcon.colcon_core.package_identification:_identify(launch) by extension 'python_setup_py'
[0.167s] Level 1:colcon.colcon_core.package_identification:_identify(log) by extensions ['ignore', 'ignore_ament_install']
[0.167s] Level 1:colcon.colcon_core.package_identification:_identify(log) by extension 'ignore'
[0.167s] Level 1:colcon.colcon_core.package_identification:_identify(log) ignored
[0.167s] Level 1:colcon.colcon_core.package_identification:_identify(maps) by extensions ['ignore', 'ignore_ament_install']
[0.167s] Level 1:colcon.colcon_core.package_identification:_identify(maps) by extension 'ignore'
[0.167s] Level 1:colcon.colcon_core.package_identification:_identify(maps) by extension 'ignore_ament_install'
[0.167s] Level 1:colcon.colcon_core.package_identification:_identify(maps) by extensions ['colcon_pkg']
[0.168s] Level 1:colcon.colcon_core.package_identification:_identify(maps) by extension 'colcon_pkg'
[0.168s] Level 1:colcon.colcon_core.package_identification:_identify(maps) by extensions ['colcon_meta']
[0.168s] Level 1:colcon.colcon_core.package_identification:_identify(maps) by extension 'colcon_meta'
[0.168s] Level 1:colcon.colcon_core.package_identification:_identify(maps) by extensions ['ros']
[0.168s] Level 1:colcon.colcon_core.package_identification:_identify(maps) by extension 'ros'
[0.168s] Level 1:colcon.colcon_core.package_identification:_identify(maps) by extensions ['cmake', 'python']
[0.168s] Level 1:colcon.colcon_core.package_identification:_identify(maps) by extension 'cmake'
[0.168s] Level 1:colcon.colcon_core.package_identification:_identify(maps) by extension 'python'
[0.168s] Level 1:colcon.colcon_core.package_identification:_identify(maps) by extensions ['python_setup_py']
[0.168s] Level 1:colcon.colcon_core.package_identification:_identify(maps) by extension 'python_setup_py'
[0.168s] Level 1:colcon.colcon_core.package_identification:_identify(media) by extensions ['ignore', 'ignore_ament_install']
[0.168s] Level 1:colcon.colcon_core.package_identification:_identify(media) by extension 'ignore'
[0.168s] Level 1:colcon.colcon_core.package_identification:_identify(media) by extension 'ignore_ament_install'
[0.168s] Level 1:colcon.colcon_core.package_identification:_identify(media) by extensions ['colcon_pkg']
[0.168s] Level 1:colcon.colcon_core.package_identification:_identify(media) by extension 'colcon_pkg'
[0.168s] Level 1:colcon.colcon_core.package_identification:_identify(media) by extensions ['colcon_meta']
[0.168s] Level 1:colcon.colcon_core.package_identification:_identify(media) by extension 'colcon_meta'
[0.168s] Level 1:colcon.colcon_core.package_identification:_identify(media) by extensions ['ros']
[0.168s] Level 1:colcon.colcon_core.package_identification:_identify(media) by extension 'ros'
[0.168s] Level 1:colcon.colcon_core.package_identification:_identify(media) by extensions ['cmake', 'python']
[0.168s] Level 1:colcon.colcon_core.package_identification:_identify(media) by extension 'cmake'
[0.168s] Level 1:colcon.colcon_core.package_identification:_identify(media) by extension 'python'
[0.168s] Level 1:colcon.colcon_core.package_identification:_identify(media) by extensions ['python_setup_py']
[0.168s] Level 1:colcon.colcon_core.package_identification:_identify(media) by extension 'python_setup_py'
[0.168s] Level 1:colcon.colcon_core.package_identification:_identify(meshes) by extensions ['ignore', 'ignore_ament_install']
[0.168s] Level 1:colcon.colcon_core.package_identification:_identify(meshes) by extension 'ignore'
[0.168s] Level 1:colcon.colcon_core.package_identification:_identify(meshes) by extension 'ignore_ament_install'
[0.169s] Level 1:colcon.colcon_core.package_identification:_identify(meshes) by extensions ['colcon_pkg']
[0.169s] Level 1:colcon.colcon_core.package_identification:_identify(meshes) by extension 'colcon_pkg'
[0.169s] Level 1:colcon.colcon_core.package_identification:_identify(meshes) by extensions ['colcon_meta']
[0.169s] Level 1:colcon.colcon_core.package_identification:_identify(meshes) by extension 'colcon_meta'
[0.169s] Level 1:colcon.colcon_core.package_identification:_identify(meshes) by extensions ['ros']
[0.169s] Level 1:colcon.colcon_core.package_identification:_identify(meshes) by extension 'ros'
[0.169s] Level 1:colcon.colcon_core.package_identification:_identify(meshes) by extensions ['cmake', 'python']
[0.169s] Level 1:colcon.colcon_core.package_identification:_identify(meshes) by extension 'cmake'
[0.169s] Level 1:colcon.colcon_core.package_identification:_identify(meshes) by extension 'python'
[0.169s] Level 1:colcon.colcon_core.package_identification:_identify(meshes) by extensions ['python_setup_py']
[0.169s] Level 1:colcon.colcon_core.package_identification:_identify(meshes) by extension 'python_setup_py'
[0.169s] Level 1:colcon.colcon_core.package_identification:_identify(models) by extensions ['ignore', 'ignore_ament_install']
[0.169s] Level 1:colcon.colcon_core.package_identification:_identify(models) by extension 'ignore'
[0.169s] Level 1:colcon.colcon_core.package_identification:_identify(models) by extension 'ignore_ament_install'
[0.169s] Level 1:colcon.colcon_core.package_identification:_identify(models) by extensions ['colcon_pkg']
[0.169s] Level 1:colcon.colcon_core.package_identification:_identify(models) by extension 'colcon_pkg'
[0.169s] Level 1:colcon.colcon_core.package_identification:_identify(models) by extensions ['colcon_meta']
[0.169s] Level 1:colcon.colcon_core.package_identification:_identify(models) by extension 'colcon_meta'
[0.169s] Level 1:colcon.colcon_core.package_identification:_identify(models) by extensions ['ros']
[0.169s] Level 1:colcon.colcon_core.package_identification:_identify(models) by extension 'ros'
[0.169s] Level 1:colcon.colcon_core.package_identification:_identify(models) by extensions ['cmake', 'python']
[0.169s] Level 1:colcon.colcon_core.package_identification:_identify(models) by extension 'cmake'
[0.169s] Level 1:colcon.colcon_core.package_identification:_identify(models) by extension 'python'
[0.169s] Level 1:colcon.colcon_core.package_identification:_identify(models) by extensions ['python_setup_py']
[0.169s] Level 1:colcon.colcon_core.package_identification:_identify(models) by extension 'python_setup_py'
[0.169s] Level 1:colcon.colcon_core.package_identification:_identify(params) by extensions ['ignore', 'ignore_ament_install']
[0.169s] Level 1:colcon.colcon_core.package_identification:_identify(params) by extension 'ignore'
[0.169s] Level 1:colcon.colcon_core.package_identification:_identify(params) by extension 'ignore_ament_install'
[0.170s] Level 1:colcon.colcon_core.package_identification:_identify(params) by extensions ['colcon_pkg']
[0.170s] Level 1:colcon.colcon_core.package_identification:_identify(params) by extension 'colcon_pkg'
[0.170s] Level 1:colcon.colcon_core.package_identification:_identify(params) by extensions ['colcon_meta']
[0.170s] Level 1:colcon.colcon_core.package_identification:_identify(params) by extension 'colcon_meta'
[0.170s] Level 1:colcon.colcon_core.package_identification:_identify(params) by extensions ['ros']
[0.170s] Level 1:colcon.colcon_core.package_identification:_identify(params) by extension 'ros'
[0.170s] Level 1:colcon.colcon_core.package_identification:_identify(params) by extensions ['cmake', 'python']
[0.170s] Level 1:colcon.colcon_core.package_identification:_identify(params) by extension 'cmake'
[0.170s] Level 1:colcon.colcon_core.package_identification:_identify(params) by extension 'python'
[0.170s] Level 1:colcon.colcon_core.package_identification:_identify(params) by extensions ['python_setup_py']
[0.170s] Level 1:colcon.colcon_core.package_identification:_identify(params) by extension 'python_setup_py'
[0.170s] Level 1:colcon.colcon_core.package_identification:_identify(rviz) by extensions ['ignore', 'ignore_ament_install']
[0.170s] Level 1:colcon.colcon_core.package_identification:_identify(rviz) by extension 'ignore'
[0.170s] Level 1:colcon.colcon_core.package_identification:_identify(rviz) by extension 'ignore_ament_install'
[0.170s] Level 1:colcon.colcon_core.package_identification:_identify(rviz) by extensions ['colcon_pkg']
[0.170s] Level 1:colcon.colcon_core.package_identification:_identify(rviz) by extension 'colcon_pkg'
[0.170s] Level 1:colcon.colcon_core.package_identification:_identify(rviz) by extensions ['colcon_meta']
[0.170s] Level 1:colcon.colcon_core.package_identification:_identify(rviz) by extension 'colcon_meta'
[0.170s] Level 1:colcon.colcon_core.package_identification:_identify(rviz) by extensions ['ros']
[0.170s] Level 1:colcon.colcon_core.package_identification:_identify(rviz) by extension 'ros'
[0.170s] Level 1:colcon.colcon_core.package_identification:_identify(rviz) by extensions ['cmake', 'python']
[0.170s] Level 1:colcon.colcon_core.package_identification:_identify(rviz) by extension 'cmake'
[0.170s] Level 1:colcon.colcon_core.package_identification:_identify(rviz) by extension 'python'
[0.170s] Level 1:colcon.colcon_core.package_identification:_identify(rviz) by extensions ['python_setup_py']
[0.170s] Level 1:colcon.colcon_core.package_identification:_identify(rviz) by extension 'python_setup_py'
[0.170s] Level 1:colcon.colcon_core.package_identification:_identify(src) by extensions ['ignore', 'ignore_ament_install']
[0.170s] Level 1:colcon.colcon_core.package_identification:_identify(src) by extension 'ignore'
[0.171s] Level 1:colcon.colcon_core.package_identification:_identify(src) by extension 'ignore_ament_install'
[0.171s] Level 1:colcon.colcon_core.package_identification:_identify(src) by extensions ['colcon_pkg']
[0.171s] Level 1:colcon.colcon_core.package_identification:_identify(src) by extension 'colcon_pkg'
[0.171s] Level 1:colcon.colcon_core.package_identification:_identify(src) by extensions ['colcon_meta']
[0.171s] Level 1:colcon.colcon_core.package_identification:_identify(src) by extension 'colcon_meta'
[0.171s] Level 1:colcon.colcon_core.package_identification:_identify(src) by extensions ['ros']
[0.171s] Level 1:colcon.colcon_core.package_identification:_identify(src) by extension 'ros'
[0.171s] Level 1:colcon.colcon_core.package_identification:_identify(src) by extensions ['cmake', 'python']
[0.171s] Level 1:colcon.colcon_core.package_identification:_identify(src) by extension 'cmake'
[0.171s] Level 1:colcon.colcon_core.package_identification:_identify(src) by extension 'python'
[0.171s] Level 1:colcon.colcon_core.package_identification:_identify(src) by extensions ['python_setup_py']
[0.171s] Level 1:colcon.colcon_core.package_identification:_identify(src) by extension 'python_setup_py'
[0.171s] Level 1:colcon.colcon_core.package_identification:_identify(src/cpp_service_tutorial) by extensions ['ignore', 'ignore_ament_install']
[0.171s] Level 1:colcon.colcon_core.package_identification:_identify(src/cpp_service_tutorial) by extension 'ignore'
[0.171s] Level 1:colcon.colcon_core.package_identification:_identify(src/cpp_service_tutorial) by extension 'ignore_ament_install'
[0.171s] Level 1:colcon.colcon_core.package_identification:_identify(src/cpp_service_tutorial) by extensions ['colcon_pkg']
[0.171s] Level 1:colcon.colcon_core.package_identification:_identify(src/cpp_service_tutorial) by extension 'colcon_pkg'
[0.171s] Level 1:colcon.colcon_core.package_identification:_identify(src/cpp_service_tutorial) by extensions ['colcon_meta']
[0.171s] Level 1:colcon.colcon_core.package_identification:_identify(src/cpp_service_tutorial) by extension 'colcon_meta'
[0.171s] Level 1:colcon.colcon_core.package_identification:_identify(src/cpp_service_tutorial) by extensions ['ros']
[0.171s] Level 1:colcon.colcon_core.package_identification:_identify(src/cpp_service_tutorial) by extension 'ros'
[0.174s] DEBUG:colcon.colcon_core.package_identification:Package 'src/cpp_service_tutorial' with type 'ros.ament_cmake' and name 'cpp_service_tutorial'
[0.174s] Level 1:colcon.colcon_core.package_identification:_identify(src/my_test_pkg) by extensions ['ignore', 'ignore_ament_install']
[0.174s] Level 1:colcon.colcon_core.package_identification:_identify(src/my_test_pkg) by extension 'ignore'
[0.174s] Level 1:colcon.colcon_core.package_identification:_identify(src/my_test_pkg) by extension 'ignore_ament_install'
[0.174s] Level 1:colcon.colcon_core.package_identification:_identify(src/my_test_pkg) by extensions ['colcon_pkg']
[0.174s] Level 1:colcon.colcon_core.package_identification:_identify(src/my_test_pkg) by extension 'colcon_pkg'
[0.174s] Level 1:colcon.colcon_core.package_identification:_identify(src/my_test_pkg) by extensions ['colcon_meta']
[0.174s] Level 1:colcon.colcon_core.package_identification:_identify(src/my_test_pkg) by extension 'colcon_meta'
[0.174s] Level 1:colcon.colcon_core.package_identification:_identify(src/my_test_pkg) by extensions ['ros']
[0.174s] Level 1:colcon.colcon_core.package_identification:_identify(src/my_test_pkg) by extension 'ros'
[0.175s] DEBUG:colcon.colcon_core.package_identification:Package 'src/my_test_pkg' with type 'ros.ament_cmake' and name 'my_test_pkg'
[0.175s] Level 1:colcon.colcon_core.package_identification:_identify(src/turtlebot3_description) by extensions ['ignore', 'ignore_ament_install']
[0.175s] Level 1:colcon.colcon_core.package_identification:_identify(src/turtlebot3_description) by extension 'ignore'
[0.175s] Level 1:colcon.colcon_core.package_identification:_identify(src/turtlebot3_description) by extension 'ignore_ament_install'
[0.175s] Level 1:colcon.colcon_core.package_identification:_identify(src/turtlebot3_description) by extensions ['colcon_pkg']
[0.175s] Level 1:colcon.colcon_core.package_identification:_identify(src/turtlebot3_description) by extension 'colcon_pkg'
[0.175s] Level 1:colcon.colcon_core.package_identification:_identify(src/turtlebot3_description) by extensions ['colcon_meta']
[0.175s] Level 1:colcon.colcon_core.package_identification:_identify(src/turtlebot3_description) by extension 'colcon_meta'
[0.175s] Level 1:colcon.colcon_core.package_identification:_identify(src/turtlebot3_description) by extensions ['ros']
[0.175s] Level 1:colcon.colcon_core.package_identification:_identify(src/turtlebot3_description) by extension 'ros'
[0.176s] DEBUG:colcon.colcon_core.package_identification:Package 'src/turtlebot3_description' with type 'ros.ament_cmake' and name 'turtlebot3_description'
[0.176s] Level 1:colcon.colcon_core.package_identification:_identify(src/two_wheeled_robot) by extensions ['ignore', 'ignore_ament_install']
[0.176s] Level 1:colcon.colcon_core.package_identification:_identify(src/two_wheeled_robot) by extension 'ignore'
[0.176s] Level 1:colcon.colcon_core.package_identification:_identify(src/two_wheeled_robot) by extension 'ignore_ament_install'
[0.176s] Level 1:colcon.colcon_core.package_identification:_identify(src/two_wheeled_robot) by extensions ['colcon_pkg']
[0.176s] Level 1:colcon.colcon_core.package_identification:_identify(src/two_wheeled_robot) by extension 'colcon_pkg'
[0.176s] Level 1:colcon.colcon_core.package_identification:_identify(src/two_wheeled_robot) by extensions ['colcon_meta']
[0.176s] Level 1:colcon.colcon_core.package_identification:_identify(src/two_wheeled_robot) by extension 'colcon_meta'
[0.176s] Level 1:colcon.colcon_core.package_identification:_identify(src/two_wheeled_robot) by extensions ['ros']
[0.176s] Level 1:colcon.colcon_core.package_identification:_identify(src/two_wheeled_robot) by extension 'ros'
[0.176s] Level 1:colcon.colcon_core.package_identification:_identify(src/two_wheeled_robot) by extensions ['cmake', 'python']
[0.176s] Level 1:colcon.colcon_core.package_identification:_identify(src/two_wheeled_robot) by extension 'cmake'
[0.176s] Level 1:colcon.colcon_core.package_identification:_identify(src/two_wheeled_robot) by extension 'python'
[0.176s] Level 1:colcon.colcon_core.package_identification:_identify(src/two_wheeled_robot) by extensions ['python_setup_py']
[0.176s] Level 1:colcon.colcon_core.package_identification:_identify(src/two_wheeled_robot) by extension 'python_setup_py'
[0.176s] Level 1:colcon.colcon_core.package_identification:_identify(src/two_wheeled_robot/two_wheeled_robot) by extensions ['ignore', 'ignore_ament_install']
[0.177s] Level 1:colcon.colcon_core.package_identification:_identify(src/two_wheeled_robot/two_wheeled_robot) by extension 'ignore'
[0.177s] Level 1:colcon.colcon_core.package_identification:_identify(src/two_wheeled_robot/two_wheeled_robot) by extension 'ignore_ament_install'
[0.177s] Level 1:colcon.colcon_core.package_identification:_identify(src/two_wheeled_robot/two_wheeled_robot) by extensions ['colcon_pkg']
[0.177s] Level 1:colcon.colcon_core.package_identification:_identify(src/two_wheeled_robot/two_wheeled_robot) by extension 'colcon_pkg'
[0.177s] Level 1:colcon.colcon_core.package_identification:_identify(src/two_wheeled_robot/two_wheeled_robot) by extensions ['colcon_meta']
[0.177s] Level 1:colcon.colcon_core.package_identification:_identify(src/two_wheeled_robot/two_wheeled_robot) by extension 'colcon_meta'
[0.177s] Level 1:colcon.colcon_core.package_identification:_identify(src/two_wheeled_robot/two_wheeled_robot) by extensions ['ros']
[0.177s] Level 1:colcon.colcon_core.package_identification:_identify(src/two_wheeled_robot/two_wheeled_robot) by extension 'ros'
[0.177s] DEBUG:colcon.colcon_core.package_identification:Package 'src/two_wheeled_robot/two_wheeled_robot' with type 'ros.ament_cmake' and name 'two_wheeled_robot'
[0.177s] Level 1:colcon.colcon_core.package_identification:_identify(src/yolo_bringup) by extensions ['ignore', 'ignore_ament_install']
[0.177s] Level 1:colcon.colcon_core.package_identification:_identify(src/yolo_bringup) by extension 'ignore'
[0.178s] Level 1:colcon.colcon_core.package_identification:_identify(src/yolo_bringup) by extension 'ignore_ament_install'
[0.178s] Level 1:colcon.colcon_core.package_identification:_identify(src/yolo_bringup) by extensions ['colcon_pkg']
[0.178s] Level 1:colcon.colcon_core.package_identification:_identify(src/yolo_bringup) by extension 'colcon_pkg'
[0.178s] Level 1:colcon.colcon_core.package_identification:_identify(src/yolo_bringup) by extensions ['colcon_meta']
[0.178s] Level 1:colcon.colcon_core.package_identification:_identify(src/yolo_bringup) by extension 'colcon_meta'
[0.178s] Level 1:colcon.colcon_core.package_identification:_identify(src/yolo_bringup) by extensions ['ros']
[0.178s] Level 1:colcon.colcon_core.package_identification:_identify(src/yolo_bringup) by extension 'ros'
[0.178s] DEBUG:colcon.colcon_core.package_identification:Package 'src/yolo_bringup' with type 'ros.ament_cmake' and name 'yolo_bringup'
[0.178s] Level 1:colcon.colcon_core.package_identification:_identify(src/yolo_msgs) by extensions ['ignore', 'ignore_ament_install']
[0.178s] Level 1:colcon.colcon_core.package_identification:_identify(src/yolo_msgs) by extension 'ignore'
[0.178s] Level 1:colcon.colcon_core.package_identification:_identify(src/yolo_msgs) by extension 'ignore_ament_install'
[0.178s] Level 1:colcon.colcon_core.package_identification:_identify(src/yolo_msgs) by extensions ['colcon_pkg']
[0.178s] Level 1:colcon.colcon_core.package_identification:_identify(src/yolo_msgs) by extension 'colcon_pkg'
[0.178s] Level 1:colcon.colcon_core.package_identification:_identify(src/yolo_msgs) by extensions ['colcon_meta']
[0.179s] Level 1:colcon.colcon_core.package_identification:_identify(src/yolo_msgs) by extension 'colcon_meta'
[0.179s] Level 1:colcon.colcon_core.package_identification:_identify(src/yolo_msgs) by extensions ['ros']
[0.179s] Level 1:colcon.colcon_core.package_identification:_identify(src/yolo_msgs) by extension 'ros'
[0.179s] DEBUG:colcon.colcon_core.package_identification:Package 'src/yolo_msgs' with type 'ros.ament_cmake' and name 'yolo_msgs'
[0.179s] Level 1:colcon.colcon_core.package_identification:_identify(src/yolo_ros) by extensions ['ignore', 'ignore_ament_install']
[0.179s] Level 1:colcon.colcon_core.package_identification:_identify(src/yolo_ros) by extension 'ignore'
[0.179s] Level 1:colcon.colcon_core.package_identification:_identify(src/yolo_ros) by extension 'ignore_ament_install'
[0.179s] Level 1:colcon.colcon_core.package_identification:_identify(src/yolo_ros) by extensions ['colcon_pkg']
[0.179s] Level 1:colcon.colcon_core.package_identification:_identify(src/yolo_ros) by extension 'colcon_pkg'
[0.179s] Level 1:colcon.colcon_core.package_identification:_identify(src/yolo_ros) by extensions ['colcon_meta']
[0.180s] Level 1:colcon.colcon_core.package_identification:_identify(src/yolo_ros) by extension 'colcon_meta'
[0.180s] Level 1:colcon.colcon_core.package_identification:_identify(src/yolo_ros) by extensions ['ros']
[0.180s] Level 1:colcon.colcon_core.package_identification:_identify(src/yolo_ros) by extension 'ros'
[0.180s] DEBUG:colcon.colcon_core.package_identification:Package 'src/yolo_ros' with type 'ros.ament_python' and name 'yolo_ros'
[0.181s] Level 1:colcon.colcon_core.package_identification:_identify(src/yolo_ros_firstv) by extensions ['ignore', 'ignore_ament_install']
[0.181s] Level 1:colcon.colcon_core.package_identification:_identify(src/yolo_ros_firstv) by extension 'ignore'
[0.181s] Level 1:colcon.colcon_core.package_identification:_identify(src/yolo_ros_firstv) by extension 'ignore_ament_install'
[0.181s] Level 1:colcon.colcon_core.package_identification:_identify(src/yolo_ros_firstv) by extensions ['colcon_pkg']
[0.181s] Level 1:colcon.colcon_core.package_identification:_identify(src/yolo_ros_firstv) by extension 'colcon_pkg'
[0.181s] Level 1:colcon.colcon_core.package_identification:_identify(src/yolo_ros_firstv) by extensions ['colcon_meta']
[0.181s] Level 1:colcon.colcon_core.package_identification:_identify(src/yolo_ros_firstv) by extension 'colcon_meta'
[0.181s] Level 1:colcon.colcon_core.package_identification:_identify(src/yolo_ros_firstv) by extensions ['ros']
[0.181s] Level 1:colcon.colcon_core.package_identification:_identify(src/yolo_ros_firstv) by extension 'ros'
[0.181s] Level 1:colcon.colcon_core.package_identification:_identify(src/yolo_ros_firstv) by extensions ['cmake', 'python']
[0.181s] Level 1:colcon.colcon_core.package_identification:_identify(src/yolo_ros_firstv) by extension 'cmake'
[0.181s] Level 1:colcon.colcon_core.package_identification:_identify(src/yolo_ros_firstv) by extension 'python'
[0.181s] Level 1:colcon.colcon_core.package_identification:_identify(src/yolo_ros_firstv) by extensions ['python_setup_py']
[0.181s] Level 1:colcon.colcon_core.package_identification:_identify(src/yolo_ros_firstv) by extension 'python_setup_py'
[0.181s] Level 1:colcon.colcon_core.package_identification:_identify(src/yolo_ros_firstv/docs) by extensions ['ignore', 'ignore_ament_install']
[0.181s] Level 1:colcon.colcon_core.package_identification:_identify(src/yolo_ros_firstv/docs) by extension 'ignore'
[0.181s] Level 1:colcon.colcon_core.package_identification:_identify(src/yolo_ros_firstv/docs) by extension 'ignore_ament_install'
[0.181s] Level 1:colcon.colcon_core.package_identification:_identify(src/yolo_ros_firstv/docs) by extensions ['colcon_pkg']
[0.181s] Level 1:colcon.colcon_core.package_identification:_identify(src/yolo_ros_firstv/docs) by extension 'colcon_pkg'
[0.181s] Level 1:colcon.colcon_core.package_identification:_identify(src/yolo_ros_firstv/docs) by extensions ['colcon_meta']
[0.181s] Level 1:colcon.colcon_core.package_identification:_identify(src/yolo_ros_firstv/docs) by extension 'colcon_meta'
[0.181s] Level 1:colcon.colcon_core.package_identification:_identify(src/yolo_ros_firstv/docs) by extensions ['ros']
[0.182s] Level 1:colcon.colcon_core.package_identification:_identify(src/yolo_ros_firstv/docs) by extension 'ros'
[0.182s] Level 1:colcon.colcon_core.package_identification:_identify(src/yolo_ros_firstv/docs) by extensions ['cmake', 'python']
[0.182s] Level 1:colcon.colcon_core.package_identification:_identify(src/yolo_ros_firstv/docs) by extension 'cmake'
[0.182s] Level 1:colcon.colcon_core.package_identification:_identify(src/yolo_ros_firstv/docs) by extension 'python'
[0.182s] Level 1:colcon.colcon_core.package_identification:_identify(src/yolo_ros_firstv/docs) by extensions ['python_setup_py']
[0.182s] Level 1:colcon.colcon_core.package_identification:_identify(src/yolo_ros_firstv/docs) by extension 'python_setup_py'
[0.182s] Level 1:colcon.colcon_core.package_identification:_identify(urdf) by extensions ['ignore', 'ignore_ament_install']
[0.182s] Level 1:colcon.colcon_core.package_identification:_identify(urdf) by extension 'ignore'
[0.182s] Level 1:colcon.colcon_core.package_identification:_identify(urdf) by extension 'ignore_ament_install'
[0.182s] Level 1:colcon.colcon_core.package_identification:_identify(urdf) by extensions ['colcon_pkg']
[0.182s] Level 1:colcon.colcon_core.package_identification:_identify(urdf) by extension 'colcon_pkg'
[0.182s] Level 1:colcon.colcon_core.package_identification:_identify(urdf) by extensions ['colcon_meta']
[0.182s] Level 1:colcon.colcon_core.package_identification:_identify(urdf) by extension 'colcon_meta'
[0.182s] Level 1:colcon.colcon_core.package_identification:_identify(urdf) by extensions ['ros']
[0.182s] Level 1:colcon.colcon_core.package_identification:_identify(urdf) by extension 'ros'
[0.182s] Level 1:colcon.colcon_core.package_identification:_identify(urdf) by extensions ['cmake', 'python']
[0.182s] Level 1:colcon.colcon_core.package_identification:_identify(urdf) by extension 'cmake'
[0.182s] Level 1:colcon.colcon_core.package_identification:_identify(urdf) by extension 'python'
[0.182s] Level 1:colcon.colcon_core.package_identification:_identify(urdf) by extensions ['python_setup_py']
[0.182s] Level 1:colcon.colcon_core.package_identification:_identify(urdf) by extension 'python_setup_py'
[0.182s] Level 1:colcon.colcon_core.package_identification:_identify(worlds) by extensions ['ignore', 'ignore_ament_install']
[0.182s] Level 1:colcon.colcon_core.package_identification:_identify(worlds) by extension 'ignore'
[0.182s] Level 1:colcon.colcon_core.package_identification:_identify(worlds) by extension 'ignore_ament_install'
[0.182s] Level 1:colcon.colcon_core.package_identification:_identify(worlds) by extensions ['colcon_pkg']
[0.182s] Level 1:colcon.colcon_core.package_identification:_identify(worlds) by extension 'colcon_pkg'
[0.182s] Level 1:colcon.colcon_core.package_identification:_identify(worlds) by extensions ['colcon_meta']
[0.183s] Level 1:colcon.colcon_core.package_identification:_identify(worlds) by extension 'colcon_meta'
[0.183s] Level 1:colcon.colcon_core.package_identification:_identify(worlds) by extensions ['ros']
[0.183s] Level 1:colcon.colcon_core.package_identification:_identify(worlds) by extension 'ros'
[0.183s] Level 1:colcon.colcon_core.package_identification:_identify(worlds) by extensions ['cmake', 'python']
[0.183s] Level 1:colcon.colcon_core.package_identification:_identify(worlds) by extension 'cmake'
[0.183s] Level 1:colcon.colcon_core.package_identification:_identify(worlds) by extension 'python'
[0.183s] Level 1:colcon.colcon_core.package_identification:_identify(worlds) by extensions ['python_setup_py']
[0.183s] Level 1:colcon.colcon_core.package_identification:_identify(worlds) by extension 'python_setup_py'
[0.183s] Level 1:colcon.colcon_core.package_discovery:discover_packages(recursive) using defaults
[0.183s] Level 1:colcon.colcon_core.package_discovery:discover_packages(ignore) discover
[0.183s] Level 1:colcon.colcon_core.package_discovery:discover_packages(ignore) using defaults
[0.183s] Level 1:colcon.colcon_core.package_discovery:discover_packages(path) discover
[0.183s] Level 1:colcon.colcon_core.package_discovery:discover_packages(path) using defaults
[0.204s] Level 1:colcon.colcon_core.package_discovery:discover_packages(prefix_path) check parameters
[0.204s] Level 1:colcon.colcon_core.package_discovery:discover_packages(prefix_path) discover
[0.205s] DEBUG:colcon.colcon_installed_package_information.package_discovery:Found 7 installed packages in /home/park/dev_ws/install
[0.207s] DEBUG:colcon.colcon_installed_package_information.package_discovery:Found 413 installed packages in /opt/ros/humble
[0.209s] Level 1:colcon.colcon_core.package_discovery:discover_packages(prefix_path) using defaults
[0.253s] WARNING:colcon.colcon_core.package_selection:Some selected packages are already built in one or more underlay workspaces:
	'turtlebot3_description' is in: /home/park/dev_ws/install/turtlebot3_description, /opt/ros/humble
If a package in a merged underlay workspace is overridden and it installs headers, then all packages in the overlay must sort their include directories by workspace order. Failure to do so may result in build failures or undefined behavior at run time.
If the overridden package is used by another package in any underlay, then the overriding package in the overlay must be API and ABI compatible or undefined behavior at run time may occur.

If you understand the risks and want to override a package anyways, add the following to the command line:
	--allow-overriding turtlebot3_description

This may be promoted to an error in a future release of colcon-override-check.
[0.254s] Level 5:colcon.colcon_core.verb:set package 'cpp_service_tutorial' build argument 'cmake_args' from command line to 'None'
[0.254s] Level 5:colcon.colcon_core.verb:set package 'cpp_service_tutorial' build argument 'cmake_target' from command line to 'None'
[0.254s] Level 5:colcon.colcon_core.verb:set package 'cpp_service_tutorial' build argument 'cmake_target_skip_unavailable' from command line to 'False'
[0.254s] Level 5:colcon.colcon_core.verb:set package 'cpp_service_tutorial' build argument 'cmake_clean_cache' from command line to 'False'
[0.254s] Level 5:colcon.colcon_core.verb:set package 'cpp_service_tutorial' build argument 'cmake_clean_first' from command line to 'False'
[0.254s] Level 5:colcon.colcon_core.verb:set package 'cpp_service_tutorial' build argument 'cmake_force_configure' from command line to 'False'
[0.254s] Level 5:colcon.colcon_core.verb:set package 'cpp_service_tutorial' build argument 'ament_cmake_args' from command line to 'None'
[0.254s] Level 5:colcon.colcon_core.verb:set package 'cpp_service_tutorial' build argument 'catkin_cmake_args' from command line to 'None'
[0.254s] Level 5:colcon.colcon_core.verb:set package 'cpp_service_tutorial' build argument 'catkin_skip_building_tests' from command line to 'False'
[0.254s] DEBUG:colcon.colcon_core.verb:Building package 'cpp_service_tutorial' with the following arguments: {'ament_cmake_args': None, 'build_base': '/home/park/dev_ws/build/cpp_service_tutorial', 'catkin_cmake_args': None, 'catkin_skip_building_tests': False, 'cmake_args': None, 'cmake_clean_cache': False, 'cmake_clean_first': False, 'cmake_force_configure': False, 'cmake_target': None, 'cmake_target_skip_unavailable': False, 'install_base': '/home/park/dev_ws/install/cpp_service_tutorial', 'merge_install': False, 'path': '/home/park/dev_ws/src/cpp_service_tutorial', 'symlink_install': False, 'test_result_base': None}
[0.255s] Level 5:colcon.colcon_core.verb:set package 'my_test_pkg' build argument 'cmake_args' from command line to 'None'
[0.255s] Level 5:colcon.colcon_core.verb:set package 'my_test_pkg' build argument 'cmake_target' from command line to 'None'
[0.255s] Level 5:colcon.colcon_core.verb:set package 'my_test_pkg' build argument 'cmake_target_skip_unavailable' from command line to 'False'
[0.255s] Level 5:colcon.colcon_core.verb:set package 'my_test_pkg' build argument 'cmake_clean_cache' from command line to 'False'
[0.255s] Level 5:colcon.colcon_core.verb:set package 'my_test_pkg' build argument 'cmake_clean_first' from command line to 'False'
[0.255s] Level 5:colcon.colcon_core.verb:set package 'my_test_pkg' build argument 'cmake_force_configure' from command line to 'False'
[0.255s] Level 5:colcon.colcon_core.verb:set package 'my_test_pkg' build argument 'ament_cmake_args' from command line to 'None'
[0.255s] Level 5:colcon.colcon_core.verb:set package 'my_test_pkg' build argument 'catkin_cmake_args' from command line to 'None'
[0.255s] Level 5:colcon.colcon_core.verb:set package 'my_test_pkg' build argument 'catkin_skip_building_tests' from command line to 'False'
[0.255s] DEBUG:colcon.colcon_core.verb:Building package 'my_test_pkg' with the following arguments: {'ament_cmake_args': None, 'build_base': '/home/park/dev_ws/build/my_test_pkg', 'catkin_cmake_args': None, 'catkin_skip_building_tests': False, 'cmake_args': None, 'cmake_clean_cache': False, 'cmake_clean_first': False, 'cmake_force_configure': False, 'cmake_target': None, 'cmake_target_skip_unavailable': False, 'install_base': '/home/park/dev_ws/install/my_test_pkg', 'merge_install': False, 'path': '/home/park/dev_ws/src/my_test_pkg', 'symlink_install': False, 'test_result_base': None}
[0.255s] Level 5:colcon.colcon_core.verb:set package 'turtlebot3_description' build argument 'cmake_args' from command line to 'None'
[0.255s] Level 5:colcon.colcon_core.verb:set package 'turtlebot3_description' build argument 'cmake_target' from command line to 'None'
[0.255s] Level 5:colcon.colcon_core.verb:set package 'turtlebot3_description' build argument 'cmake_target_skip_unavailable' from command line to 'False'
[0.255s] Level 5:colcon.colcon_core.verb:set package 'turtlebot3_description' build argument 'cmake_clean_cache' from command line to 'False'
[0.255s] Level 5:colcon.colcon_core.verb:set package 'turtlebot3_description' build argument 'cmake_clean_first' from command line to 'False'
[0.255s] Level 5:colcon.colcon_core.verb:set package 'turtlebot3_description' build argument 'cmake_force_configure' from command line to 'False'
[0.255s] Level 5:colcon.colcon_core.verb:set package 'turtlebot3_description' build argument 'ament_cmake_args' from command line to 'None'
[0.255s] Level 5:colcon.colcon_core.verb:set package 'turtlebot3_description' build argument 'catkin_cmake_args' from command line to 'None'
[0.255s] Level 5:colcon.colcon_core.verb:set package 'turtlebot3_description' build argument 'catkin_skip_building_tests' from command line to 'False'
[0.255s] DEBUG:colcon.colcon_core.verb:Building package 'turtlebot3_description' with the following arguments: {'ament_cmake_args': None, 'build_base': '/home/park/dev_ws/build/turtlebot3_description', 'catkin_cmake_args': None, 'catkin_skip_building_tests': False, 'cmake_args': None, 'cmake_clean_cache': False, 'cmake_clean_first': False, 'cmake_force_configure': False, 'cmake_target': None, 'cmake_target_skip_unavailable': False, 'install_base': '/home/park/dev_ws/install/turtlebot3_description', 'merge_install': False, 'path': '/home/park/dev_ws/src/turtlebot3_description', 'symlink_install': False, 'test_result_base': None}
[0.256s] Level 5:colcon.colcon_core.verb:set package 'two_wheeled_robot' build argument 'cmake_args' from command line to 'None'
[0.256s] Level 5:colcon.colcon_core.verb:set package 'two_wheeled_robot' build argument 'cmake_target' from command line to 'None'
[0.256s] Level 5:colcon.colcon_core.verb:set package 'two_wheeled_robot' build argument 'cmake_target_skip_unavailable' from command line to 'False'
[0.256s] Level 5:colcon.colcon_core.verb:set package 'two_wheeled_robot' build argument 'cmake_clean_cache' from command line to 'False'
[0.256s] Level 5:colcon.colcon_core.verb:set package 'two_wheeled_robot' build argument 'cmake_clean_first' from command line to 'False'
[0.256s] Level 5:colcon.colcon_core.verb:set package 'two_wheeled_robot' build argument 'cmake_force_configure' from command line to 'False'
[0.256s] Level 5:colcon.colcon_core.verb:set package 'two_wheeled_robot' build argument 'ament_cmake_args' from command line to 'None'
[0.256s] Level 5:colcon.colcon_core.verb:set package 'two_wheeled_robot' build argument 'catkin_cmake_args' from command line to 'None'
[0.256s] Level 5:colcon.colcon_core.verb:set package 'two_wheeled_robot' build argument 'catkin_skip_building_tests' from command line to 'False'
[0.256s] DEBUG:colcon.colcon_core.verb:Building package 'two_wheeled_robot' with the following arguments: {'ament_cmake_args': None, 'build_base': '/home/park/dev_ws/build/two_wheeled_robot', 'catkin_cmake_args': None, 'catkin_skip_building_tests': False, 'cmake_args': None, 'cmake_clean_cache': False, 'cmake_clean_first': False, 'cmake_force_configure': False, 'cmake_target': None, 'cmake_target_skip_unavailable': False, 'install_base': '/home/park/dev_ws/install/two_wheeled_robot', 'merge_install': False, 'path': '/home/park/dev_ws/src/two_wheeled_robot/two_wheeled_robot', 'symlink_install': False, 'test_result_base': None}
[0.256s] Level 5:colcon.colcon_core.verb:set package 'yolo_msgs' build argument 'cmake_args' from command line to 'None'
[0.256s] Level 5:colcon.colcon_core.verb:set package 'yolo_msgs' build argument 'cmake_target' from command line to 'None'
[0.256s] Level 5:colcon.colcon_core.verb:set package 'yolo_msgs' build argument 'cmake_target_skip_unavailable' from command line to 'False'
[0.256s] Level 5:colcon.colcon_core.verb:set package 'yolo_msgs' build argument 'cmake_clean_cache' from command line to 'False'
[0.256s] Level 5:colcon.colcon_core.verb:set package 'yolo_msgs' build argument 'cmake_clean_first' from command line to 'False'
[0.256s] Level 5:colcon.colcon_core.verb:set package 'yolo_msgs' build argument 'cmake_force_configure' from command line to 'False'
[0.256s] Level 5:colcon.colcon_core.verb:set package 'yolo_msgs' build argument 'ament_cmake_args' from command line to 'None'
[0.256s] Level 5:colcon.colcon_core.verb:set package 'yolo_msgs' build argument 'catkin_cmake_args' from command line to 'None'
[0.256s] Level 5:colcon.colcon_core.verb:set package 'yolo_msgs' build argument 'catkin_skip_building_tests' from command line to 'False'
[0.256s] DEBUG:colcon.colcon_core.verb:Building package 'yolo_msgs' with the following arguments: {'ament_cmake_args': None, 'build_base': '/home/park/dev_ws/build/yolo_msgs', 'catkin_cmake_args': None, 'catkin_skip_building_tests': False, 'cmake_args': None, 'cmake_clean_cache': False, 'cmake_clean_first': False, 'cmake_force_configure': False, 'cmake_target': None, 'cmake_target_skip_unavailable': False, 'install_base': '/home/park/dev_ws/install/yolo_msgs', 'merge_install': False, 'path': '/home/park/dev_ws/src/yolo_msgs', 'symlink_install': False, 'test_result_base': None}
[0.257s] Level 5:colcon.colcon_core.verb:set package 'yolo_ros' build argument 'cmake_args' from command line to 'None'
[0.257s] Level 5:colcon.colcon_core.verb:set package 'yolo_ros' build argument 'cmake_target' from command line to 'None'
[0.257s] Level 5:colcon.colcon_core.verb:set package 'yolo_ros' build argument 'cmake_target_skip_unavailable' from command line to 'False'
[0.257s] Level 5:colcon.colcon_core.verb:set package 'yolo_ros' build argument 'cmake_clean_cache' from command line to 'False'
[0.257s] Level 5:colcon.colcon_core.verb:set package 'yolo_ros' build argument 'cmake_clean_first' from command line to 'False'
[0.257s] Level 5:colcon.colcon_core.verb:set package 'yolo_ros' build argument 'cmake_force_configure' from command line to 'False'
[0.257s] Level 5:colcon.colcon_core.verb:set package 'yolo_ros' build argument 'ament_cmake_args' from command line to 'None'
[0.257s] Level 5:colcon.colcon_core.verb:set package 'yolo_ros' build argument 'catkin_cmake_args' from command line to 'None'
[0.257s] Level 5:colcon.colcon_core.verb:set package 'yolo_ros' build argument 'catkin_skip_building_tests' from command line to 'False'
[0.257s] DEBUG:colcon.colcon_core.verb:Building package 'yolo_ros' with the following arguments: {'ament_cmake_args': None, 'build_base': '/home/park/dev_ws/build/yolo_ros', 'catkin_cmake_args': None, 'catkin_skip_building_tests': False, 'cmake_args': None, 'cmake_clean_cache': False, 'cmake_clean_first': False, 'cmake_force_configure': False, 'cmake_target': None, 'cmake_target_skip_unavailable': False, 'install_base': '/home/park/dev_ws/install/yolo_ros', 'merge_install': False, 'path': '/home/park/dev_ws/src/yolo_ros', 'symlink_install': False, 'test_result_base': None}
[0.257s] Level 5:colcon.colcon_core.verb:set package 'yolo_bringup' build argument 'cmake_args' from command line to 'None'
[0.257s] Level 5:colcon.colcon_core.verb:set package 'yolo_bringup' build argument 'cmake_target' from command line to 'None'
[0.257s] Level 5:colcon.colcon_core.verb:set package 'yolo_bringup' build argument 'cmake_target_skip_unavailable' from command line to 'False'
[0.257s] Level 5:colcon.colcon_core.verb:set package 'yolo_bringup' build argument 'cmake_clean_cache' from command line to 'False'
[0.257s] Level 5:colcon.colcon_core.verb:set package 'yolo_bringup' build argument 'cmake_clean_first' from command line to 'False'
[0.257s] Level 5:colcon.colcon_core.verb:set package 'yolo_bringup' build argument 'cmake_force_configure' from command line to 'False'
[0.257s] Level 5:colcon.colcon_core.verb:set package 'yolo_bringup' build argument 'ament_cmake_args' from command line to 'None'
[0.257s] Level 5:colcon.colcon_core.verb:set package 'yolo_bringup' build argument 'catkin_cmake_args' from command line to 'None'
[0.257s] Level 5:colcon.colcon_core.verb:set package 'yolo_bringup' build argument 'catkin_skip_building_tests' from command line to 'False'
[0.257s] DEBUG:colcon.colcon_core.verb:Building package 'yolo_bringup' with the following arguments: {'ament_cmake_args': None, 'build_base': '/home/park/dev_ws/build/yolo_bringup', 'catkin_cmake_args': None, 'catkin_skip_building_tests': False, 'cmake_args': None, 'cmake_clean_cache': False, 'cmake_clean_first': False, 'cmake_force_configure': False, 'cmake_target': None, 'cmake_target_skip_unavailable': False, 'install_base': '/home/park/dev_ws/install/yolo_bringup', 'merge_install': False, 'path': '/home/park/dev_ws/src/yolo_bringup', 'symlink_install': False, 'test_result_base': None}
[0.257s] INFO:colcon.colcon_core.executor:Executing jobs using 'parallel' executor
[0.258s] DEBUG:colcon.colcon_parallel_executor.executor.parallel:run_until_complete
[0.259s] INFO:colcon.colcon_ros.task.ament_cmake.build:Building ROS package in '/home/park/dev_ws/src/yolo_msgs' with build type 'ament_cmake'
[0.259s] INFO:colcon.colcon_cmake.task.cmake.build:Building CMake package in '/home/park/dev_ws/src/yolo_msgs'
[0.261s] INFO:colcon.colcon_core.plugin_system:Skipping extension 'colcon_core.shell.bat': Not used on non-Windows systems
[0.262s] INFO:colcon.colcon_core.shell:Skip shell extension 'powershell' for command environment: Not usable outside of PowerShell
[0.262s] DEBUG:colcon.colcon_core.shell:Skip shell extension 'dsv' for command environment
[0.267s] INFO:colcon.colcon_ros.task.ament_cmake.build:Building ROS package in '/home/park/dev_ws/src/cpp_service_tutorial' with build type 'ament_cmake'
[0.267s] INFO:colcon.colcon_cmake.task.cmake.build:Building CMake package in '/home/park/dev_ws/src/cpp_service_tutorial'
[0.267s] INFO:colcon.colcon_core.shell:Skip shell extension 'powershell' for command environment: Not usable outside of PowerShell
[0.267s] DEBUG:colcon.colcon_core.shell:Skip shell extension 'dsv' for command environment
[0.271s] INFO:colcon.colcon_ros.task.ament_cmake.build:Building ROS package in '/home/park/dev_ws/src/my_test_pkg' with build type 'ament_cmake'
[0.272s] INFO:colcon.colcon_cmake.task.cmake.build:Building CMake package in '/home/park/dev_ws/src/my_test_pkg'
[0.272s] INFO:colcon.colcon_core.shell:Skip shell extension 'powershell' for command environment: Not usable outside of PowerShell
[0.272s] DEBUG:colcon.colcon_core.shell:Skip shell extension 'dsv' for command environment
[0.276s] INFO:colcon.colcon_ros.task.ament_cmake.build:Building ROS package in '/home/park/dev_ws/src/turtlebot3_description' with build type 'ament_cmake'
[0.276s] INFO:colcon.colcon_cmake.task.cmake.build:Building CMake package in '/home/park/dev_ws/src/turtlebot3_description'
[0.276s] INFO:colcon.colcon_core.shell:Skip shell extension 'powershell' for command environment: Not usable outside of PowerShell
[0.276s] DEBUG:colcon.colcon_core.shell:Skip shell extension 'dsv' for command environment
[0.280s] INFO:colcon.colcon_ros.task.ament_cmake.build:Building ROS package in '/home/park/dev_ws/src/two_wheeled_robot/two_wheeled_robot' with build type 'ament_cmake'
[0.280s] INFO:colcon.colcon_cmake.task.cmake.build:Building CMake package in '/home/park/dev_ws/src/two_wheeled_robot/two_wheeled_robot'
[0.280s] INFO:colcon.colcon_core.shell:Skip shell extension 'powershell' for command environment: Not usable outside of PowerShell
[0.280s] DEBUG:colcon.colcon_core.shell:Skip shell extension 'dsv' for command environment
[0.304s] DEBUG:colcon.colcon_core.event_handler.log_command:Invoking command in '/home/park/dev_ws/build/yolo_msgs': CMAKE_PREFIX_PATH=${CMAKE_PREFIX_PATH}:/home/park/dev_ws/install/yolo_ros:/opt/ros/humble /usr/bin/cmake --build /home/park/dev_ws/build/yolo_msgs -- -j22 -l22
[0.307s] DEBUG:colcon.colcon_core.event_handler.log_command:Invoking command in '/home/park/dev_ws/build/cpp_service_tutorial': CMAKE_PREFIX_PATH=${CMAKE_PREFIX_PATH}:/home/park/dev_ws/install/yolo_ros:/opt/ros/humble /usr/bin/cmake --build /home/park/dev_ws/build/cpp_service_tutorial -- -j22 -l22
[0.309s] DEBUG:colcon.colcon_core.event_handler.log_command:Invoking command in '/home/park/dev_ws/build/my_test_pkg': CMAKE_PREFIX_PATH=${CMAKE_PREFIX_PATH}:/home/park/dev_ws/install/yolo_ros:/opt/ros/humble /usr/bin/cmake --build /home/park/dev_ws/build/my_test_pkg -- -j22 -l22
[0.313s] DEBUG:colcon.colcon_core.event_handler.log_command:Invoking command in '/home/park/dev_ws/build/turtlebot3_description': CMAKE_PREFIX_PATH=${CMAKE_PREFIX_PATH}:/home/park/dev_ws/install/yolo_ros:/opt/ros/humble /usr/bin/cmake /home/park/dev_ws/src/turtlebot3_description -DCMAKE_INSTALL_PREFIX=/home/park/dev_ws/install/turtlebot3_description
[0.319s] DEBUG:colcon.colcon_core.event_handler.log_command:Invoking command in '/home/park/dev_ws/build/two_wheeled_robot': CMAKE_PREFIX_PATH=${CMAKE_PREFIX_PATH}:/home/park/dev_ws/install/yolo_ros:/opt/ros/humble /usr/bin/cmake --build /home/park/dev_ws/build/two_wheeled_robot -- -j22 -l22
[0.351s] DEBUG:colcon.colcon_core.event_handler.log_command:Invoked command in '/home/park/dev_ws/build/cpp_service_tutorial' returned '0': CMAKE_PREFIX_PATH=${CMAKE_PREFIX_PATH}:/home/park/dev_ws/install/yolo_ros:/opt/ros/humble /usr/bin/cmake --build /home/park/dev_ws/build/cpp_service_tutorial -- -j22 -l22
[0.363s] DEBUG:colcon.colcon_core.event_handler.log_command:Invoking command in '/home/park/dev_ws/build/cpp_service_tutorial': CMAKE_PREFIX_PATH=${CMAKE_PREFIX_PATH}:/home/park/dev_ws/install/yolo_ros:/opt/ros/humble /usr/bin/cmake --install /home/park/dev_ws/build/cpp_service_tutorial
[0.364s] DEBUG:colcon.colcon_core.event_handler.log_command:Invoked command in '/home/park/dev_ws/build/two_wheeled_robot' returned '0': CMAKE_PREFIX_PATH=${CMAKE_PREFIX_PATH}:/home/park/dev_ws/install/yolo_ros:/opt/ros/humble /usr/bin/cmake --build /home/park/dev_ws/build/two_wheeled_robot -- -j22 -l22
[0.367s] DEBUG:colcon.colcon_core.event_handler.log_command:Invoking command in '/home/park/dev_ws/build/two_wheeled_robot': CMAKE_PREFIX_PATH=${CMAKE_PREFIX_PATH}:/home/park/dev_ws/install/yolo_ros:/opt/ros/humble /usr/bin/cmake --install /home/park/dev_ws/build/two_wheeled_robot
[0.374s] DEBUG:colcon.colcon_core.event_handler.log_command:Invoked command in '/home/park/dev_ws/build/my_test_pkg' returned '0': CMAKE_PREFIX_PATH=${CMAKE_PREFIX_PATH}:/home/park/dev_ws/install/yolo_ros:/opt/ros/humble /usr/bin/cmake --build /home/park/dev_ws/build/my_test_pkg -- -j22 -l22
[0.377s] DEBUG:colcon.colcon_core.event_handler.log_command:Invoking command in '/home/park/dev_ws/build/my_test_pkg': CMAKE_PREFIX_PATH=${CMAKE_PREFIX_PATH}:/home/park/dev_ws/install/yolo_ros:/opt/ros/humble /usr/bin/cmake --install /home/park/dev_ws/build/my_test_pkg
[0.391s] Level 1:colcon.colcon_core.environment:create_environment_scripts_only(cpp_service_tutorial)
[0.393s] DEBUG:colcon.colcon_core.event_handler.log_command:Invoked command in '/home/park/dev_ws/build/cpp_service_tutorial' returned '0': CMAKE_PREFIX_PATH=${CMAKE_PREFIX_PATH}:/home/park/dev_ws/install/yolo_ros:/opt/ros/humble /usr/bin/cmake --install /home/park/dev_ws/build/cpp_service_tutorial
[0.398s] Level 1:colcon.colcon_core.environment:checking '/home/park/dev_ws/install/cpp_service_tutorial' for CMake module files
[0.399s] Level 1:colcon.colcon_core.environment:checking '/home/park/dev_ws/install/cpp_service_tutorial' for CMake config files
[0.399s] Level 1:colcon.colcon_core.shell:create_environment_hook('cpp_service_tutorial', 'cmake_prefix_path')
[0.399s] INFO:colcon.colcon_core.shell:Creating environment hook '/home/park/dev_ws/install/cpp_service_tutorial/share/cpp_service_tutorial/hook/cmake_prefix_path.ps1'
[0.401s] INFO:colcon.colcon_core.shell:Creating environment descriptor '/home/park/dev_ws/install/cpp_service_tutorial/share/cpp_service_tutorial/hook/cmake_prefix_path.dsv'
[0.401s] INFO:colcon.colcon_core.shell:Creating environment hook '/home/park/dev_ws/install/cpp_service_tutorial/share/cpp_service_tutorial/hook/cmake_prefix_path.sh'
[0.403s] Level 1:colcon.colcon_core.environment:checking '/home/park/dev_ws/install/cpp_service_tutorial/bin'
[0.403s] Level 1:colcon.colcon_core.environment:checking '/home/park/dev_ws/install/cpp_service_tutorial/lib/pkgconfig/cpp_service_tutorial.pc'
[0.404s] Level 1:colcon.colcon_core.environment:checking '/home/park/dev_ws/install/cpp_service_tutorial/lib/python3.10/site-packages'
[0.404s] Level 1:colcon.colcon_core.environment:checking '/home/park/dev_ws/install/cpp_service_tutorial/bin'
[0.404s] INFO:colcon.colcon_core.shell:Creating package script '/home/park/dev_ws/install/cpp_service_tutorial/share/cpp_service_tutorial/package.ps1'
[0.405s] INFO:colcon.colcon_core.shell:Creating package descriptor '/home/park/dev_ws/install/cpp_service_tutorial/share/cpp_service_tutorial/package.dsv'
[0.406s] INFO:colcon.colcon_core.shell:Creating package script '/home/park/dev_ws/install/cpp_service_tutorial/share/cpp_service_tutorial/package.sh'
[0.407s] INFO:colcon.colcon_core.shell:Creating package script '/home/park/dev_ws/install/cpp_service_tutorial/share/cpp_service_tutorial/package.bash'
[0.408s] INFO:colcon.colcon_core.shell:Creating package script '/home/park/dev_ws/install/cpp_service_tutorial/share/cpp_service_tutorial/package.zsh'
[0.409s] Level 1:colcon.colcon_core.environment:create_file_with_runtime_dependencies(/home/park/dev_ws/install/cpp_service_tutorial/share/colcon-core/packages/cpp_service_tutorial)
[0.410s] Level 1:colcon.colcon_core.environment:create_environment_scripts_only(cpp_service_tutorial)
[0.410s] Level 1:colcon.colcon_core.environment:checking '/home/park/dev_ws/install/cpp_service_tutorial' for CMake module files
[0.411s] Level 1:colcon.colcon_core.environment:checking '/home/park/dev_ws/install/cpp_service_tutorial' for CMake config files
[0.411s] Level 1:colcon.colcon_core.shell:create_environment_hook('cpp_service_tutorial', 'cmake_prefix_path')
[0.411s] INFO:colcon.colcon_core.shell:Creating environment hook '/home/park/dev_ws/install/cpp_service_tutorial/share/cpp_service_tutorial/hook/cmake_prefix_path.ps1'
[0.412s] INFO:colcon.colcon_core.shell:Creating environment descriptor '/home/park/dev_ws/install/cpp_service_tutorial/share/cpp_service_tutorial/hook/cmake_prefix_path.dsv'
[0.412s] INFO:colcon.colcon_core.shell:Creating environment hook '/home/park/dev_ws/install/cpp_service_tutorial/share/cpp_service_tutorial/hook/cmake_prefix_path.sh'
[0.413s] Level 1:colcon.colcon_core.environment:checking '/home/park/dev_ws/install/cpp_service_tutorial/bin'
[0.413s] Level 1:colcon.colcon_core.environment:checking '/home/park/dev_ws/install/cpp_service_tutorial/lib/pkgconfig/cpp_service_tutorial.pc'
[0.413s] Level 1:colcon.colcon_core.environment:checking '/home/park/dev_ws/install/cpp_service_tutorial/lib/python3.10/site-packages'
[0.413s] Level 1:colcon.colcon_core.environment:checking '/home/park/dev_ws/install/cpp_service_tutorial/bin'
[0.414s] INFO:colcon.colcon_core.shell:Creating package script '/home/park/dev_ws/install/cpp_service_tutorial/share/cpp_service_tutorial/package.ps1'
[0.414s] INFO:colcon.colcon_core.shell:Creating package descriptor '/home/park/dev_ws/install/cpp_service_tutorial/share/cpp_service_tutorial/package.dsv'
[0.415s] INFO:colcon.colcon_core.shell:Creating package script '/home/park/dev_ws/install/cpp_service_tutorial/share/cpp_service_tutorial/package.sh'
[0.415s] INFO:colcon.colcon_core.shell:Creating package script '/home/park/dev_ws/install/cpp_service_tutorial/share/cpp_service_tutorial/package.bash'
[0.416s] INFO:colcon.colcon_core.shell:Creating package script '/home/park/dev_ws/install/cpp_service_tutorial/share/cpp_service_tutorial/package.zsh'
[0.416s] Level 1:colcon.colcon_core.environment:create_file_with_runtime_dependencies(/home/park/dev_ws/install/cpp_service_tutorial/share/colcon-core/packages/cpp_service_tutorial)
[0.418s] Level 1:colcon.colcon_core.environment:create_environment_scripts_only(my_test_pkg)
[0.418s] Level 1:colcon.colcon_core.environment:checking '/home/park/dev_ws/install/my_test_pkg' for CMake module files
[0.418s] DEBUG:colcon.colcon_core.event_handler.log_command:Invoked command in '/home/park/dev_ws/build/my_test_pkg' returned '0': CMAKE_PREFIX_PATH=${CMAKE_PREFIX_PATH}:/home/park/dev_ws/install/yolo_ros:/opt/ros/humble /usr/bin/cmake --install /home/park/dev_ws/build/my_test_pkg
[0.419s] Level 1:colcon.colcon_core.environment:checking '/home/park/dev_ws/install/my_test_pkg' for CMake config files
[0.419s] Level 1:colcon.colcon_core.shell:create_environment_hook('my_test_pkg', 'cmake_prefix_path')
[0.420s] INFO:colcon.colcon_core.shell:Creating environment hook '/home/park/dev_ws/install/my_test_pkg/share/my_test_pkg/hook/cmake_prefix_path.ps1'
[0.420s] INFO:colcon.colcon_core.shell:Creating environment descriptor '/home/park/dev_ws/install/my_test_pkg/share/my_test_pkg/hook/cmake_prefix_path.dsv'
[0.420s] INFO:colcon.colcon_core.shell:Creating environment hook '/home/park/dev_ws/install/my_test_pkg/share/my_test_pkg/hook/cmake_prefix_path.sh'
[0.421s] Level 1:colcon.colcon_core.environment:checking '/home/park/dev_ws/install/my_test_pkg/lib'
[0.422s] Level 1:colcon.colcon_core.environment:checking '/home/park/dev_ws/install/my_test_pkg/bin'
[0.422s] Level 1:colcon.colcon_core.environment:checking '/home/park/dev_ws/install/my_test_pkg/lib/pkgconfig/my_test_pkg.pc'
[0.422s] Level 1:colcon.colcon_core.environment:checking '/home/park/dev_ws/install/my_test_pkg/lib/python3.10/site-packages'
[0.422s] Level 1:colcon.colcon_core.environment:checking '/home/park/dev_ws/install/my_test_pkg/bin'
[0.423s] INFO:colcon.colcon_core.shell:Creating package script '/home/park/dev_ws/install/my_test_pkg/share/my_test_pkg/package.ps1'
[0.423s] INFO:colcon.colcon_core.shell:Creating package descriptor '/home/park/dev_ws/install/my_test_pkg/share/my_test_pkg/package.dsv'
[0.424s] INFO:colcon.colcon_core.shell:Creating package script '/home/park/dev_ws/install/my_test_pkg/share/my_test_pkg/package.sh'
[0.424s] INFO:colcon.colcon_core.shell:Creating package script '/home/park/dev_ws/install/my_test_pkg/share/my_test_pkg/package.bash'
[0.424s] INFO:colcon.colcon_core.shell:Creating package script '/home/park/dev_ws/install/my_test_pkg/share/my_test_pkg/package.zsh'
[0.425s] Level 1:colcon.colcon_core.environment:create_file_with_runtime_dependencies(/home/park/dev_ws/install/my_test_pkg/share/colcon-core/packages/my_test_pkg)
[0.425s] Level 1:colcon.colcon_core.environment:create_environment_scripts_only(my_test_pkg)
[0.426s] Level 1:colcon.colcon_core.environment:checking '/home/park/dev_ws/install/my_test_pkg' for CMake module files
[0.426s] Level 1:colcon.colcon_core.environment:checking '/home/park/dev_ws/install/my_test_pkg' for CMake config files
[0.426s] Level 1:colcon.colcon_core.shell:create_environment_hook('my_test_pkg', 'cmake_prefix_path')
[0.426s] INFO:colcon.colcon_core.shell:Creating environment hook '/home/park/dev_ws/install/my_test_pkg/share/my_test_pkg/hook/cmake_prefix_path.ps1'
[0.427s] INFO:colcon.colcon_core.shell:Creating environment descriptor '/home/park/dev_ws/install/my_test_pkg/share/my_test_pkg/hook/cmake_prefix_path.dsv'
[0.427s] INFO:colcon.colcon_core.shell:Creating environment hook '/home/park/dev_ws/install/my_test_pkg/share/my_test_pkg/hook/cmake_prefix_path.sh'
[0.427s] Level 1:colcon.colcon_core.environment:checking '/home/park/dev_ws/install/my_test_pkg/lib'
[0.428s] Level 1:colcon.colcon_core.environment:checking '/home/park/dev_ws/install/my_test_pkg/bin'
[0.428s] Level 1:colcon.colcon_core.environment:checking '/home/park/dev_ws/install/my_test_pkg/lib/pkgconfig/my_test_pkg.pc'
[0.428s] Level 1:colcon.colcon_core.environment:checking '/home/park/dev_ws/install/my_test_pkg/lib/python3.10/site-packages'
[0.428s] Level 1:colcon.colcon_core.environment:checking '/home/park/dev_ws/install/my_test_pkg/bin'
[0.428s] INFO:colcon.colcon_core.shell:Creating package script '/home/park/dev_ws/install/my_test_pkg/share/my_test_pkg/package.ps1'
[0.429s] INFO:colcon.colcon_core.shell:Creating package descriptor '/home/park/dev_ws/install/my_test_pkg/share/my_test_pkg/package.dsv'
[0.429s] INFO:colcon.colcon_core.shell:Creating package script '/home/park/dev_ws/install/my_test_pkg/share/my_test_pkg/package.sh'
[0.430s] INFO:colcon.colcon_core.shell:Creating package script '/home/park/dev_ws/install/my_test_pkg/share/my_test_pkg/package.bash'
[0.430s] INFO:colcon.colcon_core.shell:Creating package script '/home/park/dev_ws/install/my_test_pkg/share/my_test_pkg/package.zsh'
[0.431s] Level 1:colcon.colcon_core.environment:create_file_with_runtime_dependencies(/home/park/dev_ws/install/my_test_pkg/share/colcon-core/packages/my_test_pkg)
[0.610s] Level 1:colcon.colcon_core.environment:create_environment_scripts_only(two_wheeled_robot)
[0.610s] DEBUG:colcon.colcon_core.event_handler.log_command:Invoked command in '/home/park/dev_ws/build/two_wheeled_robot' returned '0': CMAKE_PREFIX_PATH=${CMAKE_PREFIX_PATH}:/home/park/dev_ws/install/yolo_ros:/opt/ros/humble /usr/bin/cmake --install /home/park/dev_ws/build/two_wheeled_robot
[0.611s] Level 1:colcon.colcon_core.environment:checking '/home/park/dev_ws/install/two_wheeled_robot' for CMake module files
[0.612s] Level 1:colcon.colcon_core.environment:checking '/home/park/dev_ws/install/two_wheeled_robot' for CMake config files
[0.612s] Level 1:colcon.colcon_core.shell:create_environment_hook('two_wheeled_robot', 'cmake_prefix_path')
[0.612s] INFO:colcon.colcon_core.shell:Creating environment hook '/home/park/dev_ws/install/two_wheeled_robot/share/two_wheeled_robot/hook/cmake_prefix_path.ps1'
[0.613s] INFO:colcon.colcon_core.shell:Creating environment descriptor '/home/park/dev_ws/install/two_wheeled_robot/share/two_wheeled_robot/hook/cmake_prefix_path.dsv'
[0.614s] INFO:colcon.colcon_core.shell:Creating environment hook '/home/park/dev_ws/install/two_wheeled_robot/share/two_wheeled_robot/hook/cmake_prefix_path.sh'
[0.615s] Level 1:colcon.colcon_core.environment:checking '/home/park/dev_ws/install/two_wheeled_robot/bin'
[0.615s] Level 1:colcon.colcon_core.environment:checking '/home/park/dev_ws/install/two_wheeled_robot/lib/pkgconfig/two_wheeled_robot.pc'
[0.615s] Level 1:colcon.colcon_core.environment:checking '/home/park/dev_ws/install/two_wheeled_robot/lib/python3.10/site-packages'
[0.615s] Level 1:colcon.colcon_core.environment:checking '/home/park/dev_ws/install/two_wheeled_robot/bin'
[0.616s] INFO:colcon.colcon_core.shell:Creating package script '/home/park/dev_ws/install/two_wheeled_robot/share/two_wheeled_robot/package.ps1'
[0.617s] INFO:colcon.colcon_core.shell:Creating package descriptor '/home/park/dev_ws/install/two_wheeled_robot/share/two_wheeled_robot/package.dsv'
[0.617s] INFO:colcon.colcon_core.shell:Creating package script '/home/park/dev_ws/install/two_wheeled_robot/share/two_wheeled_robot/package.sh'
[0.618s] INFO:colcon.colcon_core.shell:Creating package script '/home/park/dev_ws/install/two_wheeled_robot/share/two_wheeled_robot/package.bash'
[0.618s] INFO:colcon.colcon_core.shell:Creating package script '/home/park/dev_ws/install/two_wheeled_robot/share/two_wheeled_robot/package.zsh'
[0.619s] Level 1:colcon.colcon_core.environment:create_file_with_runtime_dependencies(/home/park/dev_ws/install/two_wheeled_robot/share/colcon-core/packages/two_wheeled_robot)
[0.620s] Level 1:colcon.colcon_core.environment:create_environment_scripts_only(two_wheeled_robot)
[0.620s] Level 1:colcon.colcon_core.environment:checking '/home/park/dev_ws/install/two_wheeled_robot' for CMake module files
[0.621s] Level 1:colcon.colcon_core.environment:checking '/home/park/dev_ws/install/two_wheeled_robot' for CMake config files
[0.621s] Level 1:colcon.colcon_core.shell:create_environment_hook('two_wheeled_robot', 'cmake_prefix_path')
[0.621s] INFO:colcon.colcon_core.shell:Creating environment hook '/home/park/dev_ws/install/two_wheeled_robot/share/two_wheeled_robot/hook/cmake_prefix_path.ps1'
[0.622s] INFO:colcon.colcon_core.shell:Creating environment descriptor '/home/park/dev_ws/install/two_wheeled_robot/share/two_wheeled_robot/hook/cmake_prefix_path.dsv'
[0.622s] INFO:colcon.colcon_core.shell:Creating environment hook '/home/park/dev_ws/install/two_wheeled_robot/share/two_wheeled_robot/hook/cmake_prefix_path.sh'
[0.623s] Level 1:colcon.colcon_core.environment:checking '/home/park/dev_ws/install/two_wheeled_robot/bin'
[0.623s] Level 1:colcon.colcon_core.environment:checking '/home/park/dev_ws/install/two_wheeled_robot/lib/pkgconfig/two_wheeled_robot.pc'
[0.623s] Level 1:colcon.colcon_core.environment:checking '/home/park/dev_ws/install/two_wheeled_robot/lib/python3.10/site-packages'
[0.623s] Level 1:colcon.colcon_core.environment:checking '/home/park/dev_ws/install/two_wheeled_robot/bin'
[0.624s] INFO:colcon.colcon_core.shell:Creating package script '/home/park/dev_ws/install/two_wheeled_robot/share/two_wheeled_robot/package.ps1'
[0.624s] INFO:colcon.colcon_core.shell:Creating package descriptor '/home/park/dev_ws/install/two_wheeled_robot/share/two_wheeled_robot/package.dsv'
[0.625s] INFO:colcon.colcon_core.shell:Creating package script '/home/park/dev_ws/install/two_wheeled_robot/share/two_wheeled_robot/package.sh'
[0.625s] INFO:colcon.colcon_core.shell:Creating package script '/home/park/dev_ws/install/two_wheeled_robot/share/two_wheeled_robot/package.bash'
[0.626s] INFO:colcon.colcon_core.shell:Creating package script '/home/park/dev_ws/install/two_wheeled_robot/share/two_wheeled_robot/package.zsh'
[0.626s] Level 1:colcon.colcon_core.environment:create_file_with_runtime_dependencies(/home/park/dev_ws/install/two_wheeled_robot/share/colcon-core/packages/two_wheeled_robot)
[0.768s] DEBUG:colcon.colcon_core.event_handler.log_command:Invoked command in '/home/park/dev_ws/build/yolo_msgs' returned '0': CMAKE_PREFIX_PATH=${CMAKE_PREFIX_PATH}:/home/park/dev_ws/install/yolo_ros:/opt/ros/humble /usr/bin/cmake --build /home/park/dev_ws/build/yolo_msgs -- -j22 -l22
[0.770s] DEBUG:colcon.colcon_core.event_handler.log_command:Invoking command in '/home/park/dev_ws/build/yolo_msgs': CMAKE_PREFIX_PATH=${CMAKE_PREFIX_PATH}:/home/park/dev_ws/install/yolo_ros:/opt/ros/humble /usr/bin/cmake --install /home/park/dev_ws/build/yolo_msgs
[0.917s] Level 1:colcon.colcon_core.environment:create_environment_scripts_only(yolo_msgs)
[0.918s] Level 1:colcon.colcon_core.environment:checking '/home/park/dev_ws/install/yolo_msgs' for CMake module files
[0.919s] DEBUG:colcon.colcon_core.event_handler.log_command:Invoked command in '/home/park/dev_ws/build/yolo_msgs' returned '0': CMAKE_PREFIX_PATH=${CMAKE_PREFIX_PATH}:/home/park/dev_ws/install/yolo_ros:/opt/ros/humble /usr/bin/cmake --install /home/park/dev_ws/build/yolo_msgs
[0.920s] Level 1:colcon.colcon_core.environment:checking '/home/park/dev_ws/install/yolo_msgs' for CMake config files
[0.920s] Level 1:colcon.colcon_core.shell:create_environment_hook('yolo_msgs', 'cmake_prefix_path')
[0.921s] INFO:colcon.colcon_core.shell:Creating environment hook '/home/park/dev_ws/install/yolo_msgs/share/yolo_msgs/hook/cmake_prefix_path.ps1'
[0.922s] INFO:colcon.colcon_core.shell:Creating environment descriptor '/home/park/dev_ws/install/yolo_msgs/share/yolo_msgs/hook/cmake_prefix_path.dsv'
[0.922s] INFO:colcon.colcon_core.shell:Creating environment hook '/home/park/dev_ws/install/yolo_msgs/share/yolo_msgs/hook/cmake_prefix_path.sh'
[0.923s] Level 1:colcon.colcon_core.environment:checking '/home/park/dev_ws/install/yolo_msgs/lib'
[0.923s] Level 1:colcon.colcon_core.shell:create_environment_hook('yolo_msgs', 'ld_library_path_lib')
[0.923s] INFO:colcon.colcon_core.shell:Creating environment hook '/home/park/dev_ws/install/yolo_msgs/share/yolo_msgs/hook/ld_library_path_lib.ps1'
[0.924s] INFO:colcon.colcon_core.shell:Creating environment descriptor '/home/park/dev_ws/install/yolo_msgs/share/yolo_msgs/hook/ld_library_path_lib.dsv'
[0.924s] INFO:colcon.colcon_core.shell:Creating environment hook '/home/park/dev_ws/install/yolo_msgs/share/yolo_msgs/hook/ld_library_path_lib.sh'
[0.924s] Level 1:colcon.colcon_core.environment:checking '/home/park/dev_ws/install/yolo_msgs/bin'
[0.924s] Level 1:colcon.colcon_core.environment:checking '/home/park/dev_ws/install/yolo_msgs/lib/pkgconfig/yolo_msgs.pc'
[0.925s] Level 1:colcon.colcon_core.environment:checking '/home/park/dev_ws/install/yolo_msgs/lib/python3.10/site-packages'
[0.925s] Level 1:colcon.colcon_core.environment:checking '/home/park/dev_ws/install/yolo_msgs/bin'
[0.925s] INFO:colcon.colcon_core.shell:Creating package script '/home/park/dev_ws/install/yolo_msgs/share/yolo_msgs/package.ps1'
[0.926s] INFO:colcon.colcon_core.shell:Creating package descriptor '/home/park/dev_ws/install/yolo_msgs/share/yolo_msgs/package.dsv'
[0.927s] INFO:colcon.colcon_core.shell:Creating package script '/home/park/dev_ws/install/yolo_msgs/share/yolo_msgs/package.sh'
[0.927s] INFO:colcon.colcon_core.shell:Creating package script '/home/park/dev_ws/install/yolo_msgs/share/yolo_msgs/package.bash'
[0.928s] INFO:colcon.colcon_core.shell:Creating package script '/home/park/dev_ws/install/yolo_msgs/share/yolo_msgs/package.zsh'
[0.928s] Level 1:colcon.colcon_core.environment:create_file_with_runtime_dependencies(/home/park/dev_ws/install/yolo_msgs/share/colcon-core/packages/yolo_msgs)
[0.929s] Level 1:colcon.colcon_core.environment:create_environment_scripts_only(yolo_msgs)
[0.929s] Level 1:colcon.colcon_core.environment:checking '/home/park/dev_ws/install/yolo_msgs' for CMake module files
[0.930s] Level 1:colcon.colcon_core.environment:checking '/home/park/dev_ws/install/yolo_msgs' for CMake config files
[0.930s] Level 1:colcon.colcon_core.shell:create_environment_hook('yolo_msgs', 'cmake_prefix_path')
[0.930s] INFO:colcon.colcon_core.shell:Creating environment hook '/home/park/dev_ws/install/yolo_msgs/share/yolo_msgs/hook/cmake_prefix_path.ps1'
[0.931s] INFO:colcon.colcon_core.shell:Creating environment descriptor '/home/park/dev_ws/install/yolo_msgs/share/yolo_msgs/hook/cmake_prefix_path.dsv'
[0.931s] INFO:colcon.colcon_core.shell:Creating environment hook '/home/park/dev_ws/install/yolo_msgs/share/yolo_msgs/hook/cmake_prefix_path.sh'
[0.932s] Level 1:colcon.colcon_core.environment:checking '/home/park/dev_ws/install/yolo_msgs/lib'
[0.932s] Level 1:colcon.colcon_core.shell:create_environment_hook('yolo_msgs', 'ld_library_path_lib')
[0.932s] INFO:colcon.colcon_core.shell:Creating environment hook '/home/park/dev_ws/install/yolo_msgs/share/yolo_msgs/hook/ld_library_path_lib.ps1'
[0.932s] INFO:colcon.colcon_core.shell:Creating environment descriptor '/home/park/dev_ws/install/yolo_msgs/share/yolo_msgs/hook/ld_library_path_lib.dsv'
[0.933s] INFO:colcon.colcon_core.shell:Creating environment hook '/home/park/dev_ws/install/yolo_msgs/share/yolo_msgs/hook/ld_library_path_lib.sh'
[0.933s] Level 1:colcon.colcon_core.environment:checking '/home/park/dev_ws/install/yolo_msgs/bin'
[0.933s] Level 1:colcon.colcon_core.environment:checking '/home/park/dev_ws/install/yolo_msgs/lib/pkgconfig/yolo_msgs.pc'
[0.934s] Level 1:colcon.colcon_core.environment:checking '/home/park/dev_ws/install/yolo_msgs/lib/python3.10/site-packages'
[0.934s] Level 1:colcon.colcon_core.environment:checking '/home/park/dev_ws/install/yolo_msgs/bin'
[0.934s] INFO:colcon.colcon_core.shell:Creating package script '/home/park/dev_ws/install/yolo_msgs/share/yolo_msgs/package.ps1'
[0.935s] INFO:colcon.colcon_core.shell:Creating package descriptor '/home/park/dev_ws/install/yolo_msgs/share/yolo_msgs/package.dsv'
[0.936s] INFO:colcon.colcon_core.shell:Creating package script '/home/park/dev_ws/install/yolo_msgs/share/yolo_msgs/package.sh'
[0.936s] INFO:colcon.colcon_core.shell:Creating package script '/home/park/dev_ws/install/yolo_msgs/share/yolo_msgs/package.bash'
[0.937s] INFO:colcon.colcon_core.shell:Creating package script '/home/park/dev_ws/install/yolo_msgs/share/yolo_msgs/package.zsh'
[0.937s] Level 1:colcon.colcon_core.environment:create_file_with_runtime_dependencies(/home/park/dev_ws/install/yolo_msgs/share/colcon-core/packages/yolo_msgs)
[0.938s] INFO:colcon.colcon_ros.task.ament_python.build:Building ROS package in '/home/park/dev_ws/src/yolo_ros' with build type 'ament_python'
[0.938s] Level 1:colcon.colcon_core.shell:create_environment_hook('yolo_ros', 'ament_prefix_path')
[0.938s] INFO:colcon.colcon_core.shell:Creating environment hook '/home/park/dev_ws/install/yolo_ros/share/yolo_ros/hook/ament_prefix_path.ps1'
[0.939s] INFO:colcon.colcon_core.shell:Creating environment descriptor '/home/park/dev_ws/install/yolo_ros/share/yolo_ros/hook/ament_prefix_path.dsv'
[0.939s] INFO:colcon.colcon_core.shell:Creating environment hook '/home/park/dev_ws/install/yolo_ros/share/yolo_ros/hook/ament_prefix_path.sh'
[0.940s] INFO:colcon.colcon_core.shell:Skip shell extension 'powershell' for command environment: Not usable outside of PowerShell
[0.940s] DEBUG:colcon.colcon_core.shell:Skip shell extension 'dsv' for command environment
[1.183s] INFO:colcon.colcon_core.task.python.build:Building Python package in '/home/park/dev_ws/src/yolo_ros'
[1.183s] INFO:colcon.colcon_core.shell:Skip shell extension 'powershell' for command environment: Not usable outside of PowerShell
[1.183s] DEBUG:colcon.colcon_core.shell:Skip shell extension 'dsv' for command environment
[1.410s] DEBUG:colcon.colcon_core.event_handler.log_command:Invoked command in '/home/park/dev_ws/build/turtlebot3_description' returned '0': CMAKE_PREFIX_PATH=${CMAKE_PREFIX_PATH}:/home/park/dev_ws/install/yolo_ros:/opt/ros/humble /usr/bin/cmake /home/park/dev_ws/src/turtlebot3_description -DCMAKE_INSTALL_PREFIX=/home/park/dev_ws/install/turtlebot3_description
[1.414s] DEBUG:colcon.colcon_core.event_handler.log_command:Invoking command in '/home/park/dev_ws/build/turtlebot3_description': CMAKE_PREFIX_PATH=${CMAKE_PREFIX_PATH}:/home/park/dev_ws/install/yolo_ros:/opt/ros/humble /usr/bin/cmake --build /home/park/dev_ws/build/turtlebot3_description -- -j22 -l22
[1.460s] DEBUG:colcon.colcon_core.event_handler.log_command:Invoked command in '/home/park/dev_ws/build/turtlebot3_description' returned '0': CMAKE_PREFIX_PATH=${CMAKE_PREFIX_PATH}:/home/park/dev_ws/install/yolo_ros:/opt/ros/humble /usr/bin/cmake --build /home/park/dev_ws/build/turtlebot3_description -- -j22 -l22
[1.460s] DEBUG:colcon.colcon_core.event_handler.log_command:Invoking command in '/home/park/dev_ws/build/turtlebot3_description': CMAKE_PREFIX_PATH=${CMAKE_PREFIX_PATH}:/home/park/dev_ws/install/yolo_ros:/opt/ros/humble /usr/bin/cmake --install /home/park/dev_ws/build/turtlebot3_description
[1.502s] Level 1:colcon.colcon_core.environment:create_environment_scripts_only(turtlebot3_description)
[1.502s] DEBUG:colcon.colcon_core.event_handler.log_command:Invoked command in '/home/park/dev_ws/build/turtlebot3_description' returned '0': CMAKE_PREFIX_PATH=${CMAKE_PREFIX_PATH}:/home/park/dev_ws/install/yolo_ros:/opt/ros/humble /usr/bin/cmake --install /home/park/dev_ws/build/turtlebot3_description
[1.503s] Level 1:colcon.colcon_core.environment:checking '/home/park/dev_ws/install/turtlebot3_description' for CMake module files
[1.503s] Level 1:colcon.colcon_core.environment:checking '/home/park/dev_ws/install/turtlebot3_description' for CMake config files
[1.503s] Level 1:colcon.colcon_core.shell:create_environment_hook('turtlebot3_description', 'cmake_prefix_path')
[1.504s] INFO:colcon.colcon_core.shell:Creating environment hook '/home/park/dev_ws/install/turtlebot3_description/share/turtlebot3_description/hook/cmake_prefix_path.ps1'
[1.504s] INFO:colcon.colcon_core.shell:Creating environment descriptor '/home/park/dev_ws/install/turtlebot3_description/share/turtlebot3_description/hook/cmake_prefix_path.dsv'
[1.505s] INFO:colcon.colcon_core.shell:Creating environment hook '/home/park/dev_ws/install/turtlebot3_description/share/turtlebot3_description/hook/cmake_prefix_path.sh'
[1.505s] Level 1:colcon.colcon_core.environment:checking '/home/park/dev_ws/install/turtlebot3_description/bin'
[1.505s] Level 1:colcon.colcon_core.environment:checking '/home/park/dev_ws/install/turtlebot3_description/lib/pkgconfig/turtlebot3_description.pc'
[1.506s] Level 1:colcon.colcon_core.environment:checking '/home/park/dev_ws/install/turtlebot3_description/lib/python3.10/site-packages'
[1.506s] Level 1:colcon.colcon_core.environment:checking '/home/park/dev_ws/install/turtlebot3_description/bin'
[1.506s] INFO:colcon.colcon_core.shell:Creating package script '/home/park/dev_ws/install/turtlebot3_description/share/turtlebot3_description/package.ps1'
[1.507s] INFO:colcon.colcon_core.shell:Creating package descriptor '/home/park/dev_ws/install/turtlebot3_description/share/turtlebot3_description/package.dsv'
[1.507s] INFO:colcon.colcon_core.shell:Creating package script '/home/park/dev_ws/install/turtlebot3_description/share/turtlebot3_description/package.sh'
[1.508s] INFO:colcon.colcon_core.shell:Creating package script '/home/park/dev_ws/install/turtlebot3_description/share/turtlebot3_description/package.bash'
[1.508s] INFO:colcon.colcon_core.shell:Creating package script '/home/park/dev_ws/install/turtlebot3_description/share/turtlebot3_description/package.zsh'
[1.509s] Level 1:colcon.colcon_core.environment:create_file_with_runtime_dependencies(/home/park/dev_ws/install/turtlebot3_description/share/colcon-core/packages/turtlebot3_description)
[1.509s] Level 1:colcon.colcon_core.environment:create_environment_scripts_only(turtlebot3_description)
[1.510s] Level 1:colcon.colcon_core.environment:checking '/home/park/dev_ws/install/turtlebot3_description' for CMake module files
[1.510s] Level 1:colcon.colcon_core.environment:checking '/home/park/dev_ws/install/turtlebot3_description' for CMake config files
[1.510s] Level 1:colcon.colcon_core.shell:create_environment_hook('turtlebot3_description', 'cmake_prefix_path')
[1.510s] INFO:colcon.colcon_core.shell:Creating environment hook '/home/park/dev_ws/install/turtlebot3_description/share/turtlebot3_description/hook/cmake_prefix_path.ps1'
[1.511s] INFO:colcon.colcon_core.shell:Creating environment descriptor '/home/park/dev_ws/install/turtlebot3_description/share/turtlebot3_description/hook/cmake_prefix_path.dsv'
[1.511s] INFO:colcon.colcon_core.shell:Creating environment hook '/home/park/dev_ws/install/turtlebot3_description/share/turtlebot3_description/hook/cmake_prefix_path.sh'
[1.512s] Level 1:colcon.colcon_core.environment:checking '/home/park/dev_ws/install/turtlebot3_description/bin'
[1.512s] Level 1:colcon.colcon_core.environment:checking '/home/park/dev_ws/install/turtlebot3_description/lib/pkgconfig/turtlebot3_description.pc'
[1.512s] Level 1:colcon.colcon_core.environment:checking '/home/park/dev_ws/install/turtlebot3_description/lib/python3.10/site-packages'
[1.512s] Level 1:colcon.colcon_core.environment:checking '/home/park/dev_ws/install/turtlebot3_description/bin'
[1.513s] INFO:colcon.colcon_core.shell:Creating package script '/home/park/dev_ws/install/turtlebot3_description/share/turtlebot3_description/package.ps1'
[1.513s] INFO:colcon.colcon_core.shell:Creating package descriptor '/home/park/dev_ws/install/turtlebot3_description/share/turtlebot3_description/package.dsv'
[1.514s] INFO:colcon.colcon_core.shell:Creating package script '/home/park/dev_ws/install/turtlebot3_description/share/turtlebot3_description/package.sh'
[1.514s] INFO:colcon.colcon_core.shell:Creating package script '/home/park/dev_ws/install/turtlebot3_description/share/turtlebot3_description/package.bash'
[1.515s] INFO:colcon.colcon_core.shell:Creating package script '/home/park/dev_ws/install/turtlebot3_description/share/turtlebot3_description/package.zsh'
[1.515s] Level 1:colcon.colcon_core.environment:create_file_with_runtime_dependencies(/home/park/dev_ws/install/turtlebot3_description/share/colcon-core/packages/turtlebot3_description)
[1.819s] DEBUG:colcon.colcon_core.event_handler.log_command:Invoking command in '/home/park/dev_ws/build/yolo_ros': CMAKE_PREFIX_PATH=/home/park/dev_ws/install/yolo_msgs:/home/park/dev_ws/install/yolo_bringup:/home/park/dev_ws/install/two_wheeled_robot:/home/park/dev_ws/install/my_test_pkg:/home/park/dev_ws/install/cpp_service_tutorial PYTHONPATH=/home/park/dev_ws/build/yolo_ros/prefix_override:/usr/lib/python3/dist-packages/colcon_core/task/python/colcon_distutils_commands:/home/park/dev_ws/install/yolo_ros/lib/python3.10/site-packages:${PYTHONPATH} /usr/bin/python3 -W ignore:setup.py install is deprecated -W ignore:easy_install command is deprecated setup.py develop --uninstall --editable --build-directory /home/park/dev_ws/build/yolo_ros/build
[2.439s] DEBUG:colcon.colcon_core.event_handler.log_command:Invoked command in '/home/park/dev_ws/build/yolo_ros' returned '0': CMAKE_PREFIX_PATH=/home/park/dev_ws/install/yolo_msgs:/home/park/dev_ws/install/yolo_bringup:/home/park/dev_ws/install/two_wheeled_robot:/home/park/dev_ws/install/my_test_pkg:/home/park/dev_ws/install/cpp_service_tutorial PYTHONPATH=/home/park/dev_ws/build/yolo_ros/prefix_override:/usr/lib/python3/dist-packages/colcon_core/task/python/colcon_distutils_commands:/home/park/dev_ws/install/yolo_ros/lib/python3.10/site-packages:${PYTHONPATH} /usr/bin/python3 -W ignore:setup.py install is deprecated -W ignore:easy_install command is deprecated setup.py develop --uninstall --editable --build-directory /home/park/dev_ws/build/yolo_ros/build
[2.441s] DEBUG:colcon.colcon_core.event_handler.log_command:Invoking command in '/home/park/dev_ws/src/yolo_ros': CMAKE_PREFIX_PATH=/home/park/dev_ws/install/yolo_msgs:/home/park/dev_ws/install/yolo_bringup:/home/park/dev_ws/install/two_wheeled_robot:/home/park/dev_ws/install/my_test_pkg:/home/park/dev_ws/install/cpp_service_tutorial PYTHONPATH=/home/park/dev_ws/build/yolo_ros/prefix_override:/usr/lib/python3/dist-packages/colcon_core/task/python/colcon_distutils_commands:/home/park/dev_ws/install/yolo_ros/lib/python3.10/site-packages:${PYTHONPATH} /usr/bin/python3 -W ignore:setup.py install is deprecated -W ignore:easy_install command is deprecated setup.py egg_info --egg-base ../../build/yolo_ros build --build-base /home/park/dev_ws/build/yolo_ros/build install --record /home/park/dev_ws/build/yolo_ros/install.log --single-version-externally-managed install_data --force
[3.002s] Level 1:colcon.colcon_core.environment:checking '/home/park/dev_ws/install/yolo_ros' for CMake module files
[3.003s] DEBUG:colcon.colcon_core.event_handler.log_command:Invoked command in '/home/park/dev_ws/src/yolo_ros' returned '0': CMAKE_PREFIX_PATH=/home/park/dev_ws/install/yolo_msgs:/home/park/dev_ws/install/yolo_bringup:/home/park/dev_ws/install/two_wheeled_robot:/home/park/dev_ws/install/my_test_pkg:/home/park/dev_ws/install/cpp_service_tutorial PYTHONPATH=/home/park/dev_ws/build/yolo_ros/prefix_override:/usr/lib/python3/dist-packages/colcon_core/task/python/colcon_distutils_commands:/home/park/dev_ws/install/yolo_ros/lib/python3.10/site-packages:${PYTHONPATH} /usr/bin/python3 -W ignore:setup.py install is deprecated -W ignore:easy_install command is deprecated setup.py egg_info --egg-base ../../build/yolo_ros build --build-base /home/park/dev_ws/build/yolo_ros/build install --record /home/park/dev_ws/build/yolo_ros/install.log --single-version-externally-managed install_data --force
[3.004s] Level 1:colcon.colcon_core.environment:checking '/home/park/dev_ws/install/yolo_ros' for CMake config files
[3.004s] Level 1:colcon.colcon_core.environment:checking '/home/park/dev_ws/install/yolo_ros/lib'
[3.004s] Level 1:colcon.colcon_core.environment:checking '/home/park/dev_ws/install/yolo_ros/bin'
[3.004s] Level 1:colcon.colcon_core.environment:checking '/home/park/dev_ws/install/yolo_ros/lib/pkgconfig/yolo_ros.pc'
[3.005s] Level 1:colcon.colcon_core.environment:checking '/home/park/dev_ws/install/yolo_ros/lib/python3.10/site-packages'
[3.005s] Level 1:colcon.colcon_core.shell:create_environment_hook('yolo_ros', 'pythonpath')
[3.005s] INFO:colcon.colcon_core.shell:Creating environment hook '/home/park/dev_ws/install/yolo_ros/share/yolo_ros/hook/pythonpath.ps1'
[3.006s] INFO:colcon.colcon_core.shell:Creating environment descriptor '/home/park/dev_ws/install/yolo_ros/share/yolo_ros/hook/pythonpath.dsv'
[3.006s] INFO:colcon.colcon_core.shell:Creating environment hook '/home/park/dev_ws/install/yolo_ros/share/yolo_ros/hook/pythonpath.sh'
[3.006s] Level 1:colcon.colcon_core.environment:checking '/home/park/dev_ws/install/yolo_ros/bin'
[3.007s] Level 1:colcon.colcon_core.environment:create_environment_scripts_only(yolo_ros)
[3.007s] INFO:colcon.colcon_core.shell:Creating package script '/home/park/dev_ws/install/yolo_ros/share/yolo_ros/package.ps1'
[3.007s] INFO:colcon.colcon_core.shell:Creating package descriptor '/home/park/dev_ws/install/yolo_ros/share/yolo_ros/package.dsv'
[3.008s] INFO:colcon.colcon_core.shell:Creating package script '/home/park/dev_ws/install/yolo_ros/share/yolo_ros/package.sh'
[3.008s] INFO:colcon.colcon_core.shell:Creating package script '/home/park/dev_ws/install/yolo_ros/share/yolo_ros/package.bash'
[3.009s] INFO:colcon.colcon_core.shell:Creating package script '/home/park/dev_ws/install/yolo_ros/share/yolo_ros/package.zsh'
[3.009s] Level 1:colcon.colcon_core.environment:create_file_with_runtime_dependencies(/home/park/dev_ws/install/yolo_ros/share/colcon-core/packages/yolo_ros)
[3.009s] INFO:colcon.colcon_ros.task.ament_cmake.build:Building ROS package in '/home/park/dev_ws/src/yolo_bringup' with build type 'ament_cmake'
[3.009s] INFO:colcon.colcon_cmake.task.cmake.build:Building CMake package in '/home/park/dev_ws/src/yolo_bringup'
[3.010s] INFO:colcon.colcon_core.shell:Skip shell extension 'powershell' for command environment: Not usable outside of PowerShell
[3.010s] DEBUG:colcon.colcon_core.shell:Skip shell extension 'dsv' for command environment
[3.024s] DEBUG:colcon.colcon_core.event_handler.log_command:Invoking command in '/home/park/dev_ws/build/yolo_bringup': AMENT_PREFIX_PATH=/home/park/dev_ws/install/yolo_ros:/home/park/dev_ws/install/yolo_bringup:/home/park/dev_ws/install/yolo_msgs:/home/park/dev_ws/install/two_wheeled_robot:/home/park/dev_ws/install/my_test_pkg:/home/park/dev_ws/install/cpp_service_tutorial:/opt/ros/humble CMAKE_PREFIX_PATH=/home/park/dev_ws/install/yolo_msgs:/home/park/dev_ws/install/yolo_bringup:/home/park/dev_ws/install/two_wheeled_robot:/home/park/dev_ws/install/my_test_pkg:/home/park/dev_ws/install/cpp_service_tutorial:/home/park/dev_ws/install/yolo_ros:/opt/ros/humble PYTHONPATH=/home/park/dev_ws/install/yolo_ros/lib/python3.10/site-packages:/home/park/dev_ws/build/yolo_ros:/home/park/dev_ws/install/yolo_msgs/local/lib/python3.10/dist-packages:/opt/ros/humble/local/lib/python3.10/dist-packages:/opt/ros/humble/lib/python3.10/site-packages /usr/bin/cmake /home/park/dev_ws/src/yolo_bringup -DCMAKE_INSTALL_PREFIX=/home/park/dev_ws/install/yolo_bringup
[3.281s] DEBUG:colcon.colcon_core.event_handler.log_command:Invoked command in '/home/park/dev_ws/build/yolo_bringup' returned '0': AMENT_PREFIX_PATH=/home/park/dev_ws/install/yolo_ros:/home/park/dev_ws/install/yolo_bringup:/home/park/dev_ws/install/yolo_msgs:/home/park/dev_ws/install/two_wheeled_robot:/home/park/dev_ws/install/my_test_pkg:/home/park/dev_ws/install/cpp_service_tutorial:/opt/ros/humble CMAKE_PREFIX_PATH=/home/park/dev_ws/install/yolo_msgs:/home/park/dev_ws/install/yolo_bringup:/home/park/dev_ws/install/two_wheeled_robot:/home/park/dev_ws/install/my_test_pkg:/home/park/dev_ws/install/cpp_service_tutorial:/home/park/dev_ws/install/yolo_ros:/opt/ros/humble PYTHONPATH=/home/park/dev_ws/install/yolo_ros/lib/python3.10/site-packages:/home/park/dev_ws/build/yolo_ros:/home/park/dev_ws/install/yolo_msgs/local/lib/python3.10/dist-packages:/opt/ros/humble/local/lib/python3.10/dist-packages:/opt/ros/humble/lib/python3.10/site-packages /usr/bin/cmake /home/park/dev_ws/src/yolo_bringup -DCMAKE_INSTALL_PREFIX=/home/park/dev_ws/install/yolo_bringup
[3.281s] DEBUG:colcon.colcon_core.event_handler.log_command:Invoking command in '/home/park/dev_ws/build/yolo_bringup': AMENT_PREFIX_PATH=/home/park/dev_ws/install/yolo_ros:/home/park/dev_ws/install/yolo_bringup:/home/park/dev_ws/install/yolo_msgs:/home/park/dev_ws/install/two_wheeled_robot:/home/park/dev_ws/install/my_test_pkg:/home/park/dev_ws/install/cpp_service_tutorial:/opt/ros/humble CMAKE_PREFIX_PATH=/home/park/dev_ws/install/yolo_msgs:/home/park/dev_ws/install/yolo_bringup:/home/park/dev_ws/install/two_wheeled_robot:/home/park/dev_ws/install/my_test_pkg:/home/park/dev_ws/install/cpp_service_tutorial:/home/park/dev_ws/install/yolo_ros:/opt/ros/humble PYTHONPATH=/home/park/dev_ws/install/yolo_ros/lib/python3.10/site-packages:/home/park/dev_ws/build/yolo_ros:/home/park/dev_ws/install/yolo_msgs/local/lib/python3.10/dist-packages:/opt/ros/humble/local/lib/python3.10/dist-packages:/opt/ros/humble/lib/python3.10/site-packages /usr/bin/cmake --build /home/park/dev_ws/build/yolo_bringup -- -j22 -l22
[3.327s] DEBUG:colcon.colcon_core.event_handler.log_command:Invoked command in '/home/park/dev_ws/build/yolo_bringup' returned '0': AMENT_PREFIX_PATH=/home/park/dev_ws/install/yolo_ros:/home/park/dev_ws/install/yolo_bringup:/home/park/dev_ws/install/yolo_msgs:/home/park/dev_ws/install/two_wheeled_robot:/home/park/dev_ws/install/my_test_pkg:/home/park/dev_ws/install/cpp_service_tutorial:/opt/ros/humble CMAKE_PREFIX_PATH=/home/park/dev_ws/install/yolo_msgs:/home/park/dev_ws/install/yolo_bringup:/home/park/dev_ws/install/two_wheeled_robot:/home/park/dev_ws/install/my_test_pkg:/home/park/dev_ws/install/cpp_service_tutorial:/home/park/dev_ws/install/yolo_ros:/opt/ros/humble PYTHONPATH=/home/park/dev_ws/install/yolo_ros/lib/python3.10/site-packages:/home/park/dev_ws/build/yolo_ros:/home/park/dev_ws/install/yolo_msgs/local/lib/python3.10/dist-packages:/opt/ros/humble/local/lib/python3.10/dist-packages:/opt/ros/humble/lib/python3.10/site-packages /usr/bin/cmake --build /home/park/dev_ws/build/yolo_bringup -- -j22 -l22
[3.329s] DEBUG:colcon.colcon_core.event_handler.log_command:Invoking command in '/home/park/dev_ws/build/yolo_bringup': AMENT_PREFIX_PATH=/home/park/dev_ws/install/yolo_ros:/home/park/dev_ws/install/yolo_bringup:/home/park/dev_ws/install/yolo_msgs:/home/park/dev_ws/install/two_wheeled_robot:/home/park/dev_ws/install/my_test_pkg:/home/park/dev_ws/install/cpp_service_tutorial:/opt/ros/humble CMAKE_PREFIX_PATH=/home/park/dev_ws/install/yolo_msgs:/home/park/dev_ws/install/yolo_bringup:/home/park/dev_ws/install/two_wheeled_robot:/home/park/dev_ws/install/my_test_pkg:/home/park/dev_ws/install/cpp_service_tutorial:/home/park/dev_ws/install/yolo_ros:/opt/ros/humble PYTHONPATH=/home/park/dev_ws/install/yolo_ros/lib/python3.10/site-packages:/home/park/dev_ws/build/yolo_ros:/home/park/dev_ws/install/yolo_msgs/local/lib/python3.10/dist-packages:/opt/ros/humble/local/lib/python3.10/dist-packages:/opt/ros/humble/lib/python3.10/site-packages /usr/bin/cmake --install /home/park/dev_ws/build/yolo_bringup
[3.354s] Level 1:colcon.colcon_core.environment:create_environment_scripts_only(yolo_bringup)
[3.354s] Level 1:colcon.colcon_core.environment:checking '/home/park/dev_ws/install/yolo_bringup' for CMake module files
[3.355s] DEBUG:colcon.colcon_core.event_handler.log_command:Invoked command in '/home/park/dev_ws/build/yolo_bringup' returned '0': AMENT_PREFIX_PATH=/home/park/dev_ws/install/yolo_ros:/home/park/dev_ws/install/yolo_bringup:/home/park/dev_ws/install/yolo_msgs:/home/park/dev_ws/install/two_wheeled_robot:/home/park/dev_ws/install/my_test_pkg:/home/park/dev_ws/install/cpp_service_tutorial:/opt/ros/humble CMAKE_PREFIX_PATH=/home/park/dev_ws/install/yolo_msgs:/home/park/dev_ws/install/yolo_bringup:/home/park/dev_ws/install/two_wheeled_robot:/home/park/dev_ws/install/my_test_pkg:/home/park/dev_ws/install/cpp_service_tutorial:/home/park/dev_ws/install/yolo_ros:/opt/ros/humble PYTHONPATH=/home/park/dev_ws/install/yolo_ros/lib/python3.10/site-packages:/home/park/dev_ws/build/yolo_ros:/home/park/dev_ws/install/yolo_msgs/local/lib/python3.10/dist-packages:/opt/ros/humble/local/lib/python3.10/dist-packages:/opt/ros/humble/lib/python3.10/site-packages /usr/bin/cmake --install /home/park/dev_ws/build/yolo_bringup
[3.355s] Level 1:colcon.colcon_core.environment:checking '/home/park/dev_ws/install/yolo_bringup' for CMake config files
[3.355s] Level 1:colcon.colcon_core.shell:create_environment_hook('yolo_bringup', 'cmake_prefix_path')
[3.356s] INFO:colcon.colcon_core.shell:Creating environment hook '/home/park/dev_ws/install/yolo_bringup/share/yolo_bringup/hook/cmake_prefix_path.ps1'
[3.356s] INFO:colcon.colcon_core.shell:Creating environment descriptor '/home/park/dev_ws/install/yolo_bringup/share/yolo_bringup/hook/cmake_prefix_path.dsv'
[3.357s] INFO:colcon.colcon_core.shell:Creating environment hook '/home/park/dev_ws/install/yolo_bringup/share/yolo_bringup/hook/cmake_prefix_path.sh'
[3.357s] Level 1:colcon.colcon_core.environment:checking '/home/park/dev_ws/install/yolo_bringup/bin'
[3.357s] Level 1:colcon.colcon_core.environment:checking '/home/park/dev_ws/install/yolo_bringup/lib/pkgconfig/yolo_bringup.pc'
[3.358s] Level 1:colcon.colcon_core.environment:checking '/home/park/dev_ws/install/yolo_bringup/lib/python3.10/site-packages'
[3.358s] Level 1:colcon.colcon_core.environment:checking '/home/park/dev_ws/install/yolo_bringup/bin'
[3.358s] INFO:colcon.colcon_core.shell:Creating package script '/home/park/dev_ws/install/yolo_bringup/share/yolo_bringup/package.ps1'
[3.359s] INFO:colcon.colcon_core.shell:Creating package descriptor '/home/park/dev_ws/install/yolo_bringup/share/yolo_bringup/package.dsv'
[3.360s] INFO:colcon.colcon_core.shell:Creating package script '/home/park/dev_ws/install/yolo_bringup/share/yolo_bringup/package.sh'
[3.360s] INFO:colcon.colcon_core.shell:Creating package script '/home/park/dev_ws/install/yolo_bringup/share/yolo_bringup/package.bash'
[3.361s] INFO:colcon.colcon_core.shell:Creating package script '/home/park/dev_ws/install/yolo_bringup/share/yolo_bringup/package.zsh'
[3.361s] Level 1:colcon.colcon_core.environment:create_file_with_runtime_dependencies(/home/park/dev_ws/install/yolo_bringup/share/colcon-core/packages/yolo_bringup)
[3.362s] Level 1:colcon.colcon_core.environment:create_environment_scripts_only(yolo_bringup)
[3.362s] Level 1:colcon.colcon_core.environment:checking '/home/park/dev_ws/install/yolo_bringup' for CMake module files
[3.363s] Level 1:colcon.colcon_core.environment:checking '/home/park/dev_ws/install/yolo_bringup' for CMake config files
[3.363s] Level 1:colcon.colcon_core.shell:create_environment_hook('yolo_bringup', 'cmake_prefix_path')
[3.363s] INFO:colcon.colcon_core.shell:Creating environment hook '/home/park/dev_ws/install/yolo_bringup/share/yolo_bringup/hook/cmake_prefix_path.ps1'
[3.364s] INFO:colcon.colcon_core.shell:Creating environment descriptor '/home/park/dev_ws/install/yolo_bringup/share/yolo_bringup/hook/cmake_prefix_path.dsv'
[3.364s] INFO:colcon.colcon_core.shell:Creating environment hook '/home/park/dev_ws/install/yolo_bringup/share/yolo_bringup/hook/cmake_prefix_path.sh'
[3.365s] Level 1:colcon.colcon_core.environment:checking '/home/park/dev_ws/install/yolo_bringup/bin'
[3.365s] Level 1:colcon.colcon_core.environment:checking '/home/park/dev_ws/install/yolo_bringup/lib/pkgconfig/yolo_bringup.pc'
[3.365s] Level 1:colcon.colcon_core.environment:checking '/home/park/dev_ws/install/yolo_bringup/lib/python3.10/site-packages'
[3.366s] Level 1:colcon.colcon_core.environment:checking '/home/park/dev_ws/install/yolo_bringup/bin'
[3.366s] INFO:colcon.colcon_core.shell:Creating package script '/home/park/dev_ws/install/yolo_bringup/share/yolo_bringup/package.ps1'
[3.367s] INFO:colcon.colcon_core.shell:Creating package descriptor '/home/park/dev_ws/install/yolo_bringup/share/yolo_bringup/package.dsv'
[3.367s] INFO:colcon.colcon_core.shell:Creating package script '/home/park/dev_ws/install/yolo_bringup/share/yolo_bringup/package.sh'
[3.368s] INFO:colcon.colcon_core.shell:Creating package script '/home/park/dev_ws/install/yolo_bringup/share/yolo_bringup/package.bash'
[3.368s] INFO:colcon.colcon_core.shell:Creating package script '/home/park/dev_ws/install/yolo_bringup/share/yolo_bringup/package.zsh'
[3.369s] Level 1:colcon.colcon_core.environment:create_file_with_runtime_dependencies(/home/park/dev_ws/install/yolo_bringup/share/colcon-core/packages/yolo_bringup)
[3.369s] DEBUG:colcon.colcon_parallel_executor.executor.parallel:closing loop
[3.369s] DEBUG:colcon.colcon_parallel_executor.executor.parallel:loop closed
[3.369s] DEBUG:colcon.colcon_parallel_executor.executor.parallel:run_until_complete finished with '0'
[3.369s] DEBUG:colcon.colcon_core.event_reactor:joining thread
[3.376s] INFO:colcon.colcon_core.plugin_system:Skipping extension 'colcon_notification.desktop_notification.terminal_notifier': Not used on non-Darwin systems
[3.376s] INFO:colcon.colcon_core.plugin_system:Skipping extension 'colcon_notification.desktop_notification.win32': Not used on non-Windows systems
[3.376s] INFO:colcon.colcon_notification.desktop_notification:Sending desktop notification using 'notify2'
[3.392s] DEBUG:colcon.colcon_core.event_reactor:joined thread
[3.393s] INFO:colcon.colcon_core.shell:Creating prefix script '/home/park/dev_ws/install/local_setup.ps1'
[3.395s] INFO:colcon.colcon_core.shell:Creating prefix util module '/home/park/dev_ws/install/_local_setup_util_ps1.py'
[3.398s] INFO:colcon.colcon_core.shell:Creating prefix chain script '/home/park/dev_ws/install/setup.ps1'
[3.402s] INFO:colcon.colcon_core.shell:Creating prefix script '/home/park/dev_ws/install/local_setup.sh'
[3.404s] INFO:colcon.colcon_core.shell:Creating prefix util module '/home/park/dev_ws/install/_local_setup_util_sh.py'
[3.404s] INFO:colcon.colcon_core.shell:Creating prefix chain script '/home/park/dev_ws/install/setup.sh'
[3.406s] INFO:colcon.colcon_core.shell:Creating prefix script '/home/park/dev_ws/install/local_setup.bash'
[3.406s] INFO:colcon.colcon_core.shell:Creating prefix chain script '/home/park/dev_ws/install/setup.bash'
[3.408s] INFO:colcon.colcon_core.shell:Creating prefix script '/home/park/dev_ws/install/local_setup.zsh'
[3.409s] INFO:colcon.colcon_core.shell:Creating prefix chain script '/home/park/dev_ws/install/setup.zsh'
